"Country Name","Country Code","Indicator Name","Indicator Code","1960","1961","1962","1963","1964","1965","1966","1967","1968","1969","1970","1971","1972","1973","1974","1975","1976","1977","1978","1979","1980","1981","1982","1983","1984","1985","1986","1987","1988","1989","1990","1991","1992","1993","1994","1995","1996","1997","1998","1999","2000","2001","2002","2003","2004","2005","2006","2007","2008","2009","2010","2011","2012","2013","2014","2015","2016","2017","2018","2019","2020","2021","2022","2023","2024",
"Aruba","ABW","Fertilizer consumption (% of fertilizer production)","AG.CON.FERT.PT.ZS","","","","","","","","","","","","","","","","","","","","","","","","","","","","","","","","","","","","","","","","","","","","","","","","","","","","","","","","","","","","","","","","","",
"Africa Eastern and Southern","AFE","Fertilizer consumption (% of fertilizer production)","AG.CON.FERT.PT.ZS","","158.829084602409","146.989615813178","146.703323399845","170.154236626318","167.498387674669","157.522165270805","119.56410514654","132.398306766321","105.954596524604","116.096564422367","122.440786533592","123.423370602672","124.958471093202","124.911649096282","124.197641421101","122.901623107835","118.152684490101","115.839368467511","122.049421270479","132.355754733175","144.613933079326","155.422838182563","127.107724564019","108.968919550335","118.703332401221","121.603337746012","122.286693763746","115.21442286747","119.926427858733","112.846804003821","115.99960895276","107.490590035372","121.779979277148","118.858497198442","107.004927691484","106.959445155697","104.377385896548","110.720935244047","110.138852390017","140.033194424486","153.212052302445","158.713093396788","145.043827544903","171.539700602722","162.631843886898","230.443499083978","197.34342728377","221.710207532055","239.907049164632","211.622555294118","291.110023969319","221.665181389629","587.284429186861","503.229434207674","659.185979232766","708.291645317393","752.710370179949","714.993809758502","831.583367346939","930.177029496215","876.412798225007","815.587170451579","","",
"Afghanistan","AFG","Fertilizer consumption (% of fertilizer production)","AG.CON.FERT.PT.ZS","","","","","","","","","","","","","","","177.32907883036","246.270475159063","168.820364080449","143.877523945979","111.115942028986","102.979296066253","104.552147239264","94.639751552795","109.281573498965","117.142857142857","148.892534864643","132.177536231884","119.928698752228","139.365079365079","100.960144927536","100.724637681159","77.3913043478261","99.5901639344262","109.047619047619","100","","","100","100","140","100","100","100","104.751558896387","166.822534863631","170.466491931339","190.48295054699","141.015649807213","96.4902492193484","94.1792612894806","108.129575187417","115.245882548661","155.958782299404","114.088876570584","220.576394127546","495.085918405715","648.396816444194","662.617346619039","986.802155793696","847.548223350254","535.525662718556","427.560193018738","255.254371122391","248.017045810616","","",
"Africa Western and Central","AFW","Fertilizer consumption (% of fertilizer production)","AG.CON.FERT.PT.ZS","","","","","","","","623.537735849057","111.011687363039","54.2558486809358","121.299777815758","119.522999390107","112.047930809557","130.491504106143","166.791331031837","390.47619047619","416.869458128079","474.790763099285","303.634569525532","409.532751091703","544.927792644359","607.875236294896","850.943396226415","1178.35820895522","652.705410821643","441.875","398.826597131682","151.343938562809","103.041095890411","114.700878538558","119.317224652168","128.074956460457","119.247679078851","141.843971631206","157.257416704701","107.766634522662","118.933803581118","154.0386656558","127.077086656034","177.279202279202","138.211678132725","51.6407599309154","872.676506849315","730.920242061603","767.847846659121","1115.06306166029","4661.14329454991","997.361837604589","2304.85757707338","520.731962998469","1753.28375165494","594.463485036026","312.38411300433","175.837277591793","174.209124910123","231.002041931965","165.207608995786","212.782451998335","203.247372224273","208.216797345407","250.471824761126","227.652900565653","88.7132957532063","","",
"Angola","AGO","Fertilizer consumption (% of fertilizer production)","AG.CON.FERT.PT.ZS","","","","","","","","","","","","","","","","","","","","","","","","","","","","","","","","","","","","","","","","","","","","","","","","","","","","","","","","","","","","","","","","","",
"Albania","ALB","Fertilizer consumption (% of fertilizer production)","AG.CON.FERT.PT.ZS","","","","","1280","400","316.666666666667","155","119.354838709677","100.558659217877","101.146788990826","94.3859649122807","97.5438596491228","102.288732394366","106.5","102.627257799672","106.824925816024","110.533707865169","104.497907949791","102.938090241343","99.6808510638298","103.037974683544","106.212424849699","104.795918367347","101.075268817204","101.182795698925","103.548387096774","102.370689655172","102.332979851538","102.207293666027","104.187946884576","104.333333333333","242.268041237113","166.1095636026","308.995815899582","1100","216.666666666667","173.333333333333","1250","530","","","","","","","","","","","","","","","","","","","","","","","","","",
"Andorra","AND","Fertilizer consumption (% of fertilizer production)","AG.CON.FERT.PT.ZS","","","","","","","","","","","","","","","","","","","","","","","","","","","","","","","","","","","","","","","","","","","","","","","","","","","","","","","","","","","","","","","","","",
"Arab World","ARB","Fertilizer consumption (% of fertilizer production)","AG.CON.FERT.PT.ZS","","151.530929437364","151.677605499113","150.467244949849","136.281475306069","115.839071311112","89.4150704592112","85.9645677098186","96.6037492599698","108.023472672211","115.812179231701","116.750664618699","104.553287016696","114.65797681047","98.5077313895567","106.119849640921","118.189660205994","71.5040136017226","68.7201204486373","63.5824187315515","62.0845637085323","66.0919625854933","60.4183885769658","51.2825138843055","46.9004531962278","46.0023691301833","47.4116962964986","46.1073480687936","39.4272832222924","36.7316867537219","40.7250940743878","40.3732676796899","39.0714654300309","39.54197179669","34.1497879614091","33.3693998162016","34.0857012027895","35.932690417923","33.0638396897104","33.3422626835821","32.452080367373","31.5429207870542","33.7838099125974","30.251978498351","32.2829085477904","30.2232015579227","28.3759629523205","24.412013680204","23.0074541654352","21.9996874947509","17.7097861047482","21.1276906682267","18.5583956905236","17.1538525437794","16.8742794539981","17.3793109980397","15.1699514372709","14.8367260881435","14.5071824476492","14.2493088503738","14.2114609410209","13.3676035597011","12.6955990876173","","",
"United Arab Emirates","ARE","Fertilizer consumption (% of fertilizer production)","AG.CON.FERT.PT.ZS","","","","","","","","","","","","","","","","","","","","","","","","51.0555555555556","1.73188956433637","2.23816958923853","0.680529300567108","1.27973748974569","2.2149302707137","4.54965201918962","5.47477224947442","7.34524325074314","9.59965561773569","10.6661532537543","12.7826086956522","10.8991825613079","12.4613003095975","10.781041388518","13.6732329084589","13.3156771867873","14.4207066557108","12.639942217407","13.3127787259814","12.4421117628898","12.7377126903018","9.6203605514316","11.1930010604454","11.1214209968187","10.9252386002121","7.38845705196182","8.28834040296925","7.74055337004983","7.33366527760755","3.2999878504389","1.81786403189164","2.18524047323074","1.945060868447","1.67257169188564","1.48015774358095","1.59712482318145","1.848288610742","1.76486133139012","","","",
"Argentina","ARG","Fertilizer consumption (% of fertilizer production)","AG.CON.FERT.PT.ZS","","523.903225806452","211.85","421.6","590","810","1413.87842926304","604.183214191157","265.846854987624","381.627170680226","246.602822009407","176.632302405498","200.46511627907","247.916728713107","250.333333333333","245.121951219512","271.628472222222","264.24253200569","370.463273708612","494.232522796353","373.559168633028","382.639907983977","227.021276595745","236.526946107784","301.330798479087","312.692307692308","420.042797987939","383.333333333333","318.003913894325","309.292929292929","315.238095238095","397.104201281747","759.300048947626","537.904022841246","708.741140735741","900","1059.72738537794","833.779608650875","786.511156186613","688.545150501672","587.063265306122","198.936302792522","160.851250716059","197.584494939851","222.144902046064","208.362549391813","218.98272683826","382.688116552721","305.880309793373","153.278635922547","343.588393790997","303.389553985328","253.005789829734","209.359991569461","255.653331424965","212.515123027388","258.568068845501","236.723822869906","364.065552052248","347.507128566363","356.251075244103","543.276627428233","464.863747697301","","",
"Armenia","ARM","Fertilizer consumption (% of fertilizer production)","AG.CON.FERT.PT.ZS","","","","","","","","","","","","","","","","","","","","","","","","","","","","","","","","","","","","","","","","","","","523.6","","","","","","","","","","","","","","","","","","","","","","",
"American Samoa","ASM","Fertilizer consumption (% of fertilizer production)","AG.CON.FERT.PT.ZS","","","","","","","","","","","","","","","","","","","","","","","","","","","","","","","","","","","","","","","","","","","","","","","","","","","","","","","","","","","","","","","","","",
"Antigua and Barbuda","ATG","Fertilizer consumption (% of fertilizer production)","AG.CON.FERT.PT.ZS","","","","","","","","","","","","","","","","","","","","","","","","","","","","","","","","","","","","","","","","","","","","","","","","","","","","","","","","","","","","","","","","","",
"Australia","AUS","Fertilizer consumption (% of fertilizer production)","AG.CON.FERT.PT.ZS","","110.09166782927","98.1055698263577","97.4851225542208","113.2071798829","111.382214693529","111.607722129915","107.482076469789","117.034721987242","108.712265398518","116.972960473466","107.953502383716","103.480938546354","112.260815460069","93.6091057823662","113.64632208264","115.299553914782","111.397203132159","120.162082886958","114.370268279163","118.475427448725","122.801919350932","138.642439903846","149.954019090681","156.366052303861","157.134831460674","143.321280888146","139.338982252081","146.204466444352","188.78628236246","236.502153410241","256.166827476673","262.285518320751","278.576559001652","264.900493657344","272.48311201511","330.693432445679","345.829350362662","344.317496951219","317.190066073971","235.25223069001","224.336144600172","228.472986843803","231.108998219174","252.374500003632","236.912790424181","224.673647433536","181.069789416847","215.569881080161","152.638541550327","282.413460381488","242.3426600273","267.730011909536","222.465643109321","383.400136903633","285.779660511936","282.482030354661","309.279745116515","304.178897529735","307.082083060557","344.575226954928","350.460021612781","337.17620841233","","",
"Austria","AUT","Fertilizer consumption (% of fertilizer production)","AG.CON.FERT.PT.ZS","","119.231535033659","128.339112282626","142.991109220182","141.518805345881","136.394013801596","72.8126300807004","127.043323116337","109.402802691933","124.319764011799","127.006540018686","124.042145863937","112.397003847","110.975982251945","91.2689123223388","90.3994800693241","108.00261627907","95.9171974522293","98.3263157894737","105.25078369906","100.567901234568","118.346822541966","103.773645445927","126.192042091417","110.849190570861","130.670030272452","128.665568369028","95.9537572254335","110.907811400422","94.2268041237113","101.26878130217","84.4152046783626","101.520912547529","88.2154882154882","88.9679715302491","89.0977443609023","76.0692307692308","90.5020618556701","77.9550632911392","79.4235494880546","95.1194092827004","75.1943487250172","","","","","","","","","","","","","","","","","","","","","","","",
"Azerbaijan","AZE","Fertilizer consumption (% of fertilizer production)","AG.CON.FERT.PT.ZS","","","","","","","","","","","","","","","","","","","","","","","","","","","","","","","","","60.9756097560976","108","130","487.5","553.333333333333","474","","","","","","","","","","","","","","","","","","","","","","292.515133377562","468.852485676553","31.8881088944654","31.2440560986415","","",
"Burundi","BDI","Fertilizer consumption (% of fertilizer production)","AG.CON.FERT.PT.ZS","","","","","","","","","","","","","","","","","","","","","","","","","","","","","","","","","","","","","","","","","","","","","","","","","","","","","","","","","","","","","","","","","",
"Belgium","BEL","Fertilizer consumption (% of fertilizer production)","AG.CON.FERT.PT.ZS","","53.3908632240633","59.9768547818382","60.7610456493131","45.5910197743519","49.454529224609","53.0228766829976","51.3125040077571","37.317109753188","42.3554722082076","38.1924008841469","37.4511591228684","37.4878842121342","38.8861475914539","37.3175024628499","36.518305105607","37.3720866545566","36.8062787701883","34.9941259573203","32.3658394585547","33.563615903976","32.7832939322301","35.600335852225","37.4896093100582","38.1004566210046","38.680618744313","41.5933528836755","38.5304990757856","38.7488328664799","36.8348623853211","33.9222614840989","29.159802306425","33.1991951710262","34.1126461211477","45.8333333333333","36.8295589988081","40.8854166666667","32.1465968586387","29.4847328244275","27.6363636363636","","","28.1261139896373","30.1507446808511","28.6235603152152","26.4899792021176","24.8354453294714","24.3031639004149","18.3878105590062","23.9212359890942","25.1746400371575","24.6049174174174","25.4733030800425","23.6201585299946","23.2839332583427","22.6487307829818","21.6846909225914","19.3180056540735","20.4774740359433","18.4137786213717","24.2874639133777","21.1993175370225","","","",
"Benin","BEN","Fertilizer consumption (% of fertilizer production)","AG.CON.FERT.PT.ZS","","","","","","","","","","","","","","","","","","","","","","","","","","","","","","","","","","","","","","","","","","","","","","","","","","","","","","","","","","","","","","","","","",
"Burkina Faso","BFA","Fertilizer consumption (% of fertilizer production)","AG.CON.FERT.PT.ZS","","","","","","","","","","","","","","","","","","","","","","","","","","","","","","","18246.5517241379","12769.1358024691","8334.375","7000","7550.33333333333","8102.66666666667","8031.66666666667","14192.3333333333","16744","4822.22222222222","8857.18015665796","","","","","","","","","","","","","","","","","","","","","","","","",
"Bangladesh","BGD","Fertilizer consumption (% of fertilizer production)","AG.CON.FERT.PT.ZS","","289.649845520082","83.9134758826454","107.045330420535","128.424657534247","128.848211101866","176.09478452782","192.192192192192","271.20006026668","298.682756079587","178.622659631528","537.386475930544","197.447685134989","140.333847340015","277.705841865267","140.390130086811","164.194723702854","272.046760293648","217.861445967352","202.830681903055","215.445069490404","181.477852178489","172.325434569017","146.155087462616","158.129199556396","125.004219350752","137.269901771322","109.166572573598","106.117339317514","121.800042168764","131.457174638487","125.612806403202","103.469809970071","90.4898752105344","109.306785275307","114.722936907185","121.21452417001","122.266987803063","111.348934550989","123.974219317357","114.771881628821","123.738647227533","129.205441298396","130.44109617226","140.642912079016","164.730200448999","172.070811424231","156.549104708778","207.780972155673","238.081662354463","306.317985452129","415.417160264004","407.839934667211","384.24735621339","469.365656919907","476.949740034662","392.375929871128","460.552036906717","572.967592592593","544.211481929794","554.92391492305","673.512882586893","665.640670932042","","",
"Bulgaria","BGR","Fertilizer consumption (% of fertilizer production)","AG.CON.FERT.PT.ZS","","100.168651692441","92.13956188323","102.009701605662","95.9997835527117","101.857436522996","121.042785160365","136.999801409989","131.669396993722","101.723327220576","85.2716137713041","89.8364352289441","98.970578773702","96.858911966895","72.6342779750582","73.9451381455513","72.721665143005","75.4015039367517","76.2080229084283","85.5323719252145","87.6135163674762","103.320405087243","101.364193946032","97.4448377609612","89.5677449171737","88.1046795333444","89.0239564940135","74.8880205493105","79.572090728045","73.6986423991984","71.5147895383125","59.1514298579988","32.9764731095407","29.5327110884386","30.2510752688172","13.8084632516704","20.9793419042686","24.8327326954144","37.8923766816144","37.2097116843703","30.4339092004821","46.7072074700905","97.7101562060015","107.71595159516","54.9122591225912","45.1395170563434","58.0898915862719","67.7700419714749","75.2591209932369","129.965639810427","81.8653563069885","85.6023781627031","81.1224489795918","128.279186798905","114.932737979278","133.993174403198","151.382008489788","55.6889981208198","67.7115733637345","73.0386536423892","75.97899818252","71.1770894422465","","","",
"Bahrain","BHR","Fertilizer consumption (% of fertilizer production)","AG.CON.FERT.PT.ZS","","","","","","","","","","","","","","","","","","","","","","","","","","","","","","","","","","","","","","","0.525518880011181","0.193843564214598","0.140095718577664","0.106458481192335","0.687187349273065","0.764753469825934","0.850225916453538","0.772852748541692","0.694137524998806","0.502009398233353","0.821969348154969","0.457562159287329","0.951244210962881","0.643346019868404","1.12451979751751","0.868137007077856","0.901224783861671","0.673907097148693","0.174357124964623","0.236583147766623","0.31560748874421","0.446179620215267","0.864100385473957","0.864100385473957","0.061723590903018","","",
"Bahamas, The","BHS","Fertilizer consumption (% of fertilizer production)","AG.CON.FERT.PT.ZS","","","","","","","","","","","","","","","","","","","","","","","","","","","","","","","","","","","","","","","","","","","","","","","","","","","","","","","","","","","","","","","","","",
"Bosnia and Herzegovina","BIH","Fertilizer consumption (% of fertilizer production)","AG.CON.FERT.PT.ZS","","","","","","","","","","","","","","","","","","","","","","","","","","","","","","","","","","","","","","","","","","","","","","","","","","163.771090047393","258.08241636977","123.180656267933","191.382553474932","209.674978352677","179.257047613308","168.42727882491","252.29308667127","226.147886039909","182.428153773367","276.020968119808","361.905628794716","447.024039355328","265.457127479871","","",
"Belarus","BLR","Fertilizer consumption (% of fertilizer production)","AG.CON.FERT.PT.ZS","","","","","","","","","","","","","","","","","","","","","","","","","","","","","","","","","35.0528934341785","30.4096405030531","18.3517417162277","16.0227934193193","23.8555770470664","22.7750992248475","23.0070886705634","18.8503884466899","19.9588426350631","17.3539754304243","16.8577223245954","15.1108929071233","14.8431120748744","16.2913269280524","23.6863573143494","20.0858134754458","21.9454537502411","46.666287387676","24.2374590982759","26.670163005141","25.9106364747008","26.9958445201195","16.5389601470971","14.6844496609647","11.578135404905","10.0005663542892","10.5864003310249","10.2779382394022","11.7091205207625","10.9028122690263","12.5395356035344","","",
"Belize","BLZ","Fertilizer consumption (% of fertilizer production)","AG.CON.FERT.PT.ZS","","","","","","","","","","","","","","","","","","","","","","","","","","","","","","","","","","","","","","","","","","","","","","","","","","","","","","","","","","","","","","","","","",
"Bermuda","BMU","Fertilizer consumption (% of fertilizer production)","AG.CON.FERT.PT.ZS","","","","","","","","","","","","","","","","","","","","","","","","","","","","","","","","","","","","","","","","","","","","","","","","","","","","","","","","","","","","","","","","","",
"Bolivia","BOL","Fertilizer consumption (% of fertilizer production)","AG.CON.FERT.PT.ZS","","","","","","","","","","","","","","","","","","","","","","","","","","","","","","","","","","","","","","","","","","","","","","","","","","","","","","","","","","","40.950786422433","19.8025639552948","571.306366001248","54.7389718299611","21.3743835545777","","",
"Brazil","BRA","Fertilizer consumption (% of fertilizer production)","AG.CON.FERT.PT.ZS","","214.890924574403","204.179556689523","249.008671511117","228.912243728394","286.537137690466","304.771525408759","323.434905047296","338.596116078714","409.78730043164","445.613325031133","324.86241239822","384.505348574621","324.634083379107","290.571815774261","261.887522014911","224.457288462136","237.041616988962","229.682844703957","231.501890221148","213.573078473833","179.196955563121","180.953501833683","144.0886088072","158.8842061478","161.470285353954","176.580192832219","172.38389741402","171.965937410776","155.899246817847","169.188477588513","176.505873713977","190.901310727447","210.046550091618","206.817159831358","184.110524972608","215.929209630271","238.954115932375","241.42952222859","229.896115818877","250.542148337889","277.985447026861","275.345524103707","312.744243686819","348.062967716021","281.643116136208","279.696658154166","340.284671776043","334.170097848715","274.539664628539","322.015501785542","401.898287396795","391.64712844535","442.754025073751","480.748581786077","402.532853677778","526.336352355825","635.864401951408","590.892676902687","803.659429968114","790.812714968829","756.875110816838","663.029680332613","","",
"Barbados","BRB","Fertilizer consumption (% of fertilizer production)","AG.CON.FERT.PT.ZS","","","","","","","","","","","","","","","","","","","","","","","","","","","","","","","","","","","","","","","","","","","","","","","","","","","","","","","","","","","","","","","","","",
"Brunei Darussalam","BRN","Fertilizer consumption (% of fertilizer production)","AG.CON.FERT.PT.ZS","","","","","","","","","","","","","","","","","","","","","","","","","","","","","","","","","","","","","","","","","","","","","","","","","","","","","","","","","","","","","","","","","",
"Bhutan","BTN","Fertilizer consumption (% of fertilizer production)","AG.CON.FERT.PT.ZS","","","","","","","","","","","","","","","","","","","","","","","","","","","","","","","","","","","","","","","","","","","","","","","","","","","","","","","","","","","","","","","","","",
"Botswana","BWA","Fertilizer consumption (% of fertilizer production)","AG.CON.FERT.PT.ZS","","","","","","","","","","","","","","","","","","","","","","","","","","","","","","","","","","","","","","","","","","","","","","","","","","","","","","","","","","","","","","","","","",
"Central African Republic","CAF","Fertilizer consumption (% of fertilizer production)","AG.CON.FERT.PT.ZS","","","","","","","","","","","","","","","","","","","","","","","","","","","","","","","","","","","","","","","","","","","","","","","","","","","","","","","","","","","","","","","","","",
"Canada","CAN","Fertilizer consumption (% of fertilizer production)","AG.CON.FERT.PT.ZS","","73.7978989071892","49.0651244624425","37.9833671137341","32.0511272360583","27.2492878332449","27.4268885197865","24.2445648144526","18.8459133803034","15.5380564663443","17.9647947179759","16.1494674990819","19.0568765602621","18.3942425279414","17.270728914471","21.0025054606193","17.8275843656557","19.2623679624426","20.5813886818416","19.0802389647675","19.74837000815","22.8219563687544","26.0687215765538","22.9045903180323","23.5946250740677","23.3003578194064","21.6628902568627","20.1183003161318","18.4429488955059","20.6183105017051","20.1586915239581","20.9327012216596","21.3031595392209","21.2398098223634","18.356223501663","20.7648061561651","21.9377908679663","20.8791772715679","19.9322799097065","21.2673884332814","18.4630676584551","20.6926184982073","22.8154537472685","21.0780418945928","18.0894352357779","24.3826979509191","16.8573636803135","21.4561269292875","27.5979716850984","26.1016681410337","21.5481728061227","26.3983062644147","28.9842042753585","26.7096834690062","26.8909866396442","25.6718044547489","25.2547594492416","24.2680890411722","23.9234978963249","24.8232285241462","28.3922128148605","27.8823840912586","26.5756311196216","","",
"Central Europe and the Baltics","CEB","Fertilizer consumption (% of fertilizer production)","AG.CON.FERT.PT.ZS","","","","","","","","","","","","","","","","","","","","","","","","","","","","","","","","","61.9104671993038","66.5816097285389","61.1859604538621","52.1023147120169","56.8082750193944","64.0269412039611","67.657513573377","63.0166242682479","59.4871115999598","66.1348074890682","70.3063201618984","69.4857792802338","59.7358753093203","59.9558154467973","65.5282712950363","67.1813580483191","68.698475343627","71.0420345352258","73.8970222603204","69.6023669149655","69.8245160742961","77.0195842235515","71.5784193946493","74.1054223633974","82.5380835647404","74.3018763222422","77.528565473183","74.6383481959793","63.2968943939332","71.2377623845019","101.579619687915","","",
"Switzerland","CHE","Fertilizer consumption (% of fertilizer production)","AG.CON.FERT.PT.ZS","","361.016949152542","280.822556215775","285.506395962915","313.18407960199","307.621247113164","305.045871559633","304.090909090909","326.794258373206","429.411764705882","462.382445141066","480.891719745223","418.893939393939","505.414012738853","436.036036036036","434.545454545455","430.225988700565","444.571428571429","499.715909090909","479.947916666667","506.145251396648","479.886685552408","509.281437125748","494.413407821229","494.230769230769","431.971153846154","466.846361185984","527.678571428571","494.707520891365","543.251533742331","575","609.896432681243","658.864325964456","651.845456507662","1035.71428571429","540","961.538461538462","636.842105263158","666.816666666667","566.666666666667","592.946666666667","","","","","","","","","","","","","","","","","","","","","","","","",
"Channel Islands","CHI","Fertilizer consumption (% of fertilizer production)","AG.CON.FERT.PT.ZS","","","","","","","","","","","","","","","","","","","","","","","","","","","","","","","","","","","","","","","","","","","","","","","","","","","","","","","","","","","","","","","","","",
"Chile","CHL","Fertilizer consumption (% of fertilizer production)","AG.CON.FERT.PT.ZS","","19.9470356344941","29.1812422977969","34.0398794265245","33.6746526287069","35.9343608997793","53.2144389871728","60.2378154757533","76.9622604993226","69.8319139988435","91.0757868823633","78.032940546331","80.5348246836289","108.185269168335","106.741195372319","75.0959856042325","98.4561761313295","95.2243667746223","116.494220688009","118.867044770552","106.95028603658","93.9062038162173","95.7865467983796","113.835152116402","130.428830134009","134.462549277267","169.191063273781","188.638187332545","186.178343949045","220.22695035461","196.591025641026","219.354838709677","208.10647307925","254.966887417219","247.402597402597","241.071428571429","143.975493533016","124.285714285714","114.077669902913","103.981619256017","92.6032660902978","94.019801980198","61.6758606870229","64.6859490223951","62.8028966735355","56.4905653222504","59.2880996177136","59.4802989527658","42.8058137193004","31.2852295582091","42.0819271458174","34.7700651376147","33.1648336158444","36.1504919939172","36.0509003021148","36.925342282933","29.9163925063386","32.9048749708609","30.611109633092","49.4398444617285","41.3371670909735","40.4176125886088","27.5316076152764","","",
"China","CHN","Fertilizer consumption (% of fertilizer production)","AG.CON.FERT.PT.ZS","","193.617021276596","175.150442477876","160.282776349614","141.399662731872","136.406495547407","142.70913277053","146.496469310158","200.595238095238","174.748490945674","167.248576850095","141.857719788754","132.639029322548","132.561201398889","124.652358596021","123.075264954194","115.926327193933","120.922812127631","120.243564904511","119.125802485999","121.004829240578","118.638427810836","122.618931875463","129.625661752941","131.860215972501","125.165702033336","121.198043838722","132.947554086679","142.468394312946","138.505343428291","142.365653138458","147.998762481225","140.707989290928","126.081538824897","134.747265483602","140.359306759892","132.866724381081","132.905267912982","125.913691312904","123.601402758388","119.973871975485","118.125187360952","125.729831846451","112.272776857806","109.75432319526","114.500634434033","109.319755385562","100.601694779151","98.1899672140489","95.5971771350347","93.0317144481009","93.5082924263443","93.9837876273356","92.6934686160538","87.4530852563535","84.766663212593","91.1512611991474","100.445150527601","103.146593673846","90.8144252051375","96.7551422679235","91.9153562186021","100.766683623602","","",
"Cote d'Ivoire","CIV","Fertilizer consumption (% of fertilizer production)","AG.CON.FERT.PT.ZS","","","","","","","","","","","1137.44444444444","430.129020534254","286.82489254345","262.129865565416","230.181926632866","628.333333333333","717.307692307692","770.967741935484","585.714285714286","707.971830985916","602.245661789724","1044.68085106383","675.862068965517","1077.14285714286","768.518518518518","902.173913043478","638.297872340426","876","1833.33333333333","1400","2466.66666666667","1548","1370.37037037037","2160","","","","","","","","","","","","","","","","","","","","","","","","","","","","","","","",
"Cameroon","CMR","Fertilizer consumption (% of fertilizer production)","AG.CON.FERT.PT.ZS","","","","","","","","","","","","","","","","","543.708333333333","1416.66666666667","","","","411.364705882353","","","","","","","","","","","","","","","","","","","","","","","","","","","","","","","","","","","","","","","","","","","",
"Congo, Dem. Rep.","COD","Fertilizer consumption (% of fertilizer production)","AG.CON.FERT.PT.ZS","","","","","","","","","","","","","","","","","","","","","","","","","","","","","","","","","","","","","","","","","","","","","","","","","","","","","","","","","","","","","","","","","",
"Congo, Rep.","COG","Fertilizer consumption (% of fertilizer production)","AG.CON.FERT.PT.ZS","","","","","","","","","","","","","","","","","","","","","","","","","","","","","","","","","","","","","","","","","","","","","","","","","","","","","","","","","","","","","","","","","",
"Colombia","COL","Fertilizer consumption (% of fertilizer production)","AG.CON.FERT.PT.ZS","","1420","650","315.550755939525","283.464303922086","278.102608806583","329.683287560785","298.958333333333","303.986458760771","237.726980691847","164.149205880012","191.079763510009","176.003925249595","165.267881389905","160.026126714566","212.615682439974","248.537031238953","240.460526315789","265.384930944893","305.791384862336","356.506849315069","305.343511450382","385.02538071066","351.754007022674","257.552719831751","252.969902677242","243.342046718576","272.613329248411","269.44264675706","262.403403403403","303.120281831907","310.376871450697","318.629283489097","545.444915254237","471.848341232227","476.666666666667","407.563025210084","548.472906403941","582.502443792766","690.919811320755","208.621236133122","676.224302736677","818.463497142857","818.101790722762","620.954725609756","830.254838350056","709.229324444444","686.143871527778","615.449542429285","475.332082429501","489.684589877836","605.824947643979","559.902531722054","449.478741258741","428.625412698413","427.867576006574","464.353393162393","504.008498122653","436.953857848727","437.532812372812","509.42567937034","508.00164043082","411.627589063795","","",
"Comoros","COM","Fertilizer consumption (% of fertilizer production)","AG.CON.FERT.PT.ZS","","","","","","","","","","","","","","","","","","","","","","","","","","","","","","","","","","","","","","","","","","","","","","","","","","","","","","","","","","","","","","","","","",
"Cabo Verde","CPV","Fertilizer consumption (% of fertilizer production)","AG.CON.FERT.PT.ZS","","","","","","","","","","","","","","","","","","","","","","","","","","","","","","","","","","","","","","","","","","","","","","","","","","","","","","","","","","","","","","","","","",
"Costa Rica","CRI","Fertilizer consumption (% of fertilizer production)","AG.CON.FERT.PT.ZS","","","","191.666666666667","110","245","248.275862068966","191.25","251.578947368421","437.71206980126","409.770067236656","329.325513196481","295.043515832356","237.037037037037","241.666666666667","220.333333333333","180.871033743626","205.665275846083","241.329305135952","219.722222222222","183.75","172.380952380952","144","245.277777777778","237.777777777778","264.262295081967","265.625","316.666666666667","364.151624548736","445.833333333333","359.602649006623","295.431472081218","307.769423558897","219.387755102041","317.733990147783","277.272727272727","266.428571428571","465.853658536585","621.875","349.809885931559","1246.26865671642","23434.6","","","","","","","","","","","","","","","","","","","","","","","",
"Caribbean small states","CSS","Fertilizer consumption (% of fertilizer production)","AG.CON.FERT.PT.ZS","","20.3421174294961","20.9615384615385","19.8333333333333","20","23.8380849208656","17.5100453383184","9.40555555555556","10.727027027027","10.9333333333333","8.8","9.7737843551797","9.15573053368329","15.1797919762259","9.65312843029638","15.7661607644744","16.0469836334586","14.1823679925564","17.3288007863696","17.6767561912992","19.4399083575032","28.1460914139257","15.3650878482197","34.4842831248066","9.11522541504162","4.52066315802888","2.26123969140729","3.12204351939451","0.862666129681837","1.47717099373321","3.06298533218292","3.36658354114713","5.94969971401335","2.99766914191419","2.63978565179353","2.73649942987457","3.90464272627336","3.85058018018018","3.34135853759867","3.01417391304348","4.11437341082456","0.751644223057115","1.94267621867464","4.62819273618341","3.77507486522014","2.66147372957874","2.82377512354857","2.81410505297701","2.45283018867925","2.24567006541541","1.04729911396073","1.04540191406595","1.35377520183429","11.8388210410302","12.3722321773605","11.844806033278","11.8200844476752","10.5722463493727","12.9029860877588","11.6575603349424","10.2659236367396","9.99377028234771","7.51013062861089","","",
"Cuba","CUB","Fertilizer consumption (% of fertilizer production)","AG.CON.FERT.PT.ZS","","1050","1227.425614489","1639.30949210576","1827.27272727273","1533.33333333333","1545","1712.10526315789","8763.18874560375","15291.6120576671","8734.84681507604","4151.26528291157","2459.96775926921","956.140955796152","616.991757120705","364.829106945976","445.056320400501","694.352159468439","943.514644351465","334.823359769286","452.177625960717","410.790208796932","553.113958919696","563.443912120274","317.676203429349","300.732177263969","365.69222283508","374.986384457069","381.965267764862","411.249354896877","394.557823129252","287.40157480315","235.377358490566","226.315789473684","827.333333333333","443.636363636364","391.666666666667","386.129032258065","338.6","311","260.8","411.8","2800.67265106449","778.67200555259","350.319956067123","798.630560936719","762.790894569592","602.909823822363","936.432850866893","360.974109360462","1046.13525446976","744.656206374616","686.743992912741","671.175584130116","894.297782136534","682.582142857143","741.506865671642","1037.61104166667","791.317872340426","1487.6776","918.31950617284","1481.15754448916","763.263238462662","","",
"Curacao","CUW","Fertilizer consumption (% of fertilizer production)","AG.CON.FERT.PT.ZS","","","","","","","","","","","","","","","","","","","","","","","","","","","","","","","","","","","","","","","","","","","","","","","","","","","","","","","","","","","","","","","","","",
"Cayman Islands","CYM","Fertilizer consumption (% of fertilizer production)","AG.CON.FERT.PT.ZS","","","","","","","","","","","","","","","","","","","","","","","","","","","","","","","","","","","","","","","","","","","","","","","","","","","","","","","","","","","","","","","","","",
"Cyprus","CYP","Fertilizer consumption (% of fertilizer production)","AG.CON.FERT.PT.ZS","","","","","","","","","","","","","","","","","","","","","","","331.905744754042","97.8993456978403","","","","153.456084341822","39.7590801908348","64.8395229596895","","","","","","","","","","","","","","","","","","","","","","","","","","","","","","","","","","","",
"Czechia","CZE","Fertilizer consumption (% of fertilizer production)","AG.CON.FERT.PT.ZS","","","","","","","","","","","","","","","","","","","","","","","","","","","","","","","","","","138.080683769931","94.8183610250634","104.445779513367","105.124317768344","108.668664235446","96.7411431484003","93.2772467865878","100.778564637625","119.987232684328","174.41836242279","130.926606592838","127.676115201711","153.187360195785","147.615579814539","139.238819491555","164.751656707667","120.575929072136","140.240204268313","183.739145657778","151.375115482779","248.393880221907","339.790049843775","275.359932045133","294.523383822867","312.956343977734","287.008585964244","363.762003352588","475.460857519276","253.701635787492","295.763682431198","","",
"Germany","DEU","Fertilizer consumption (% of fertilizer production)","AG.CON.FERT.PT.ZS","","54.1549697079007","57.6428460140307","55.8823218752112","57.0903342528571","57.6346428571429","56.7153979143192","56.4313683031928","54.5820447502276","57.2610102818786","58.8160769148234","61.1632354699467","58.8707037107566","59.1588175585907","57.4699004183437","63.7178289766892","60.5664068540489","56.4766390933514","55.9194989994131","55.3327620775064","54.0768175812588","55.5612443776481","56.2980735864444","51.2951711477158","52.408062904753","54.891060260299","56.8353900751826","54.4564527145636","55.917742830377","57.3117948145615","52.1404229494421","56.5781970649895","57.5678340080972","64.8438485804416","64.9918604651163","61.8357299430075","58.6542863087807","60.2437527677611","59.4703096539162","60.9068273092369","60.9709014115816","56.1614382964348","57.4420265408601","55.0259186519844","57.5230389528317","52.8730291049702","50.3413295486385","59.3228405129573","56.2623249393245","69.5805251142286","66.8734125883081","60.1142004527517","58.0728464486462","55.8838344125809","58.448435768091","54.8076808710172","55.5422836401554","49.7407068383748","47.9268377002583","51.1616455999891","48.3431267991807","39.3254017509159","39.9337489415881","","",
"Djibouti","DJI","Fertilizer consumption (% of fertilizer production)","AG.CON.FERT.PT.ZS","","","","","","","","","","","","","","","","","","","","","","","","","","","","","","","","","","","","","","","","","","","","","","","","","","","","","","","","","","","","","","","","","",
"Dominica","DMA","Fertilizer consumption (% of fertilizer production)","AG.CON.FERT.PT.ZS","","","","","","","","","","","","","","","","","","","","","","","","","","","","","","","","","","","","","","","","","","","","","","","","","","","","","","","","","","","","","","","","","",
"Denmark","DNK","Fertilizer consumption (% of fertilizer production)","AG.CON.FERT.PT.ZS","","476.071650675195","472.306088864509","495.230277753128","371.455034312423","398.451802463555","377.927683664837","362.878918508811","349.818524420163","350.495522460258","355.216598023309","370.033699582266","388.808002574062","440.650421103669","315.412672690818","382.182392306726","332.545118615001","320.921360412876","303.203461677433","283.317430090019","222.739313538197","258.970521028557","223.74603609935","198.872310746131","184.744428192756","197.71359206638","229.902252139353","169.977553310887","180.779372985643","193.285799168152","238.045112781955","236.016260162602","239.150943396226","210","198.297872340426","196.412556053812","229.081632653061","215.270935960591","209.137055837563","168.918918918919","225.161290322581","199.14064516129","223.625204894598","191.5562924036","327.575857289579","","","","","","","","","","","","","","","","","","","","",
"Dominican Republic","DOM","Fertilizer consumption (% of fertilizer production)","AG.CON.FERT.PT.ZS","","","","","","","","","","","","","","","","","","","","","","","","","","","","","","","","","","","","","","","","","","","","","","","","","","","","","","","","","","","","","","","","","",
"Algeria","DZA","Fertilizer consumption (% of fertilizer production)","AG.CON.FERT.PT.ZS","","326.666666666667","550","530","525","255.371738703982","346.621621621622","339.013157894737","386.363636363636","225.806451612903","289.817232375979","323.104693140794","243.212669683258","150.520416333066","121.708185053381","128.795811518325","171.677370647306","125.74187680565","128.31916426513","228.911051212938","431.684981684982","357.974137931034","132.732693279434","154.9","113.745252132009","158.571549653906","163.365205364123","140.151074956421","83.1913685406019","87.7719429857464","97.6923076923077","77.2804054054054","98.7755102040816","90.0275103163686","106.044444444444","190.946502057613","457.831325301205","341.549295774648","168.486739469579","147.385103011094","83.1531531531532","68.3766233766234","76.1140167364017","42.6268458917077","90.6906530336645","53.9032164589974","191.44347826087","61.9480015521925","283.9566755084","347.402597402597","271.788990825688","265.842696629213","287.432675044883","175.678496868476","40.5146746065504","21.7920079424175","14.4756415024173","14.4756415024173","14.4756415024173","14.4756415024173","14.4756415024173","14.4756415024173","14.4756415024173","","",
"East Asia & Pacific (excluding high income)","EAP","Fertilizer consumption (% of fertilizer production)","AG.CON.FERT.PT.ZS","","173.738761585815","164.667053259429","163.490566037736","141.777167726816","138.452059129334","147.27811112192","159.349201172592","216.942111696374","191.874169427143","181.336060252242","154.43584144891","151.53641460777","150.558460764379","143.895250705854","137.113771713626","132.678250210604","132.443641600002","128.616393538058","122.746737783986","124.044486714076","123.693155902353","129.093054753772","133.180123718092","134.852152410968","125.764076359709","119.95865691899","129.378589235527","139.732286216652","134.085920690075","137.726623819098","142.843512599027","138.049040861605","124.3300262839","134.757115491972","139.2267128134","133.574187611177","138.062112931732","134.862988706347","131.866002385008","130.132581056183","128.428011165312","135.160252499795","124.689450752467","123.340951316554","122.998131830818","119.222814473565","112.85808161962","108.687974465919","105.266519546743","104.097187979238","104.492695307754","104.968146054264","105.325987946944","100.025250656209","96.8417900686657","104.204485793772","115.769610557134","117.681256945468","102.075847529885","110.029050068211","107.58755865552","110.244067313559","","",
"Early-demographic dividend","EAR","Fertilizer consumption (% of fertilizer production)","AG.CON.FERT.PT.ZS","","161.353738265254","144.485975922802","160.439729512127","159.344201271349","155.590920735413","167.968760057944","165.407751525214","182.046713912814","160.442224671224","154.518473802659","156.888203726511","150.352914991694","161.374991580351","139.341558173809","147.491318690489","144.403255119431","151.617941565065","155.013254165675","151.619737589503","143.671141729221","133.689047251709","126.422957071207","121.87873750048","117.630625105021","113.228442053562","113.342624358153","106.50837008858","107.92443915532","110.295115704681","110.185636788809","107.141876794222","106.6891474817","105.669856738979","103.277057763485","99.4703946813313","102.405470341965","103.78689166561","103.357873352753","105.981810997153","103.595728242595","104.677848940479","102.908589116431","106.856392056288","109.762742484893","113.478324810133","125.196908786926","125.394562897475","123.984524375021","132.549721246659","122.482827320439","122.503548005541","118.611435571603","120.297735092063","123.445792492604","120.804118278743","119.132068015903","119.376282861204","121.01906018946","120.985611240558","125.768649856276","123.075148048209","112.664582517097","","",
"East Asia & Pacific","EAS","Fertilizer consumption (% of fertilizer production)","AG.CON.FERT.PT.ZS","","","","","","","","","","","","","","125.119186827217","114.697103710033","122.909833813176","125.093946053171","122.159357724497","121.007234685169","116.435079332378","117.962893406937","119.46817988909","124.338117537601","129.521570288556","130.353966898009","123.433073718872","119.515819749893","128.014212908449","136.750281336198","134.290990364123","137.160950158957","142.86856558947","139.108850692305","127.812842142717","136.725133634649","141.199434594578","136.192057950964","140.61670979068","138.023005214881","134.839661668585","132.66384699944","130.944839885436","136.540476981813","127.307197567879","126.244066077857","125.607621004936","121.691611668639","114.835807003503","110.685388005081","106.627168054847","106.590430019554","107.167461009932","107.915995079962","108.001132959033","103.922343250002","100.411831102796","107.702295907332","119.144244369178","121.141654642227","105.909504321448","114.624244675162","112.702832424253","114.944963600096","","",
"Europe & Central Asia (excluding high income)","ECA","Fertilizer consumption (% of fertilizer production)","AG.CON.FERT.PT.ZS","","","","","","","","","","","","","","","","","","","","","","","","","","","","","","","","","76.263850856122","73.0029747723848","60.3272438673874","55.2218388190305","54.1645798093006","51.4826001687533","55.5013375500838","51.5841979184398","53.3625894169506","47.591938219844","45.6444701098481","42.4604997401906","41.8280039280048","41.7147278568873","52.5893853988169","48.4191403094701","46.2862771138276","76.7380563255901","55.7057058797813","52.9895574583083","58.0496866417036","68.29646018139","56.2949234206824","56.263399827608","63.4457835576424","61.0713432056742","55.6282308087575","56.5821173225186","62.3028444767512","56.1719174258095","56.1414698926038","","",
"Europe & Central Asia","ECS","Fertilizer consumption (% of fertilizer production)","AG.CON.FERT.PT.ZS","","","","","","","","","","","","","","","","","","","","","","","","","","","","","","","","","73.8145599831433","75.6724868468258","71.2335834094165","66.1190313205709","68.1599258350921","66.8287720628288","68.5301736962424","65.3260699016168","64.1940529004114","61.6127989712766","57.9262344715115","56.8925580851834","52.5508509845621","49.2811197366041","51.9137640343464","52.3255985157574","48.8897069588622","63.5702734006245","52.3504773582969","50.6956041806085","53.7063403163283","54.5338821051309","51.2944659010965","50.6661290316548","52.8015890568057","51.4981632579973","49.7570802409412","48.880692225429","49.9346119442719","46.89951587197","47.4252004923212","","",
"Ecuador","ECU","Fertilizer consumption (% of fertilizer production)","AG.CON.FERT.PT.ZS","","","","","","","","","1581.8","575.757997218359","619.963636363636","","642.227272727273","1497.42857142857","681.116666666667","499.603053435114","1187.39422235191","1470.53388090349","792.966666666667","816.534622903591","797.571428571429","704","576.416","3075","2436.2","","","","","","","","","","","","","","","","","","","","","","","","","","","","","","","","","","","","","","","","",
"Egypt, Arab Rep.","EGY","Fertilizer consumption (% of fertilizer production)","AG.CON.FERT.PT.ZS","","183.371050141911","169.910409556314","189.36186263416","174.636019717987","176.200615834247","137.321471163478","141.542727501891","163.270785659802","196.316529060876","193.569871262458","192.156862745098","156.629395062791","307.123006833713","219.569672131148","220.265447833348","204.001132860761","191.590429771536","184.93234814928","169.276889025859","131.004280592017","118.260942198463","96.3798147245246","103.293963254593","106.559571619813","100.641025641026","118.31184056272","118.871480739781","113.269230769231","106.842727272727","111.723209094944","98.0067019737659","96.3896795256985","99.9385079686795","80.1417246652429","94.3474455244852","94.7993447993448","94.7013431656571","91.1383657587549","82.0750121773015","86.2566546497814","73.8357456188617","76.4684639239672","79.3503798597177","87.3462501360618","83.5502670566404","76.7154154305427","52.5800028222456","47.1355184735568","46.9566800022919","42.7726758082778","45.6478017064659","45.0220676190345","46.8455402465555","44.084829946302","62.2911039013399","53.1386371265525","43.3003573833325","42.4738458335502","42.2911731785407","42.8560427148578","42.8560427148578","42.8560427148578","","",
"Euro area","EMU","Fertilizer consumption (% of fertilizer production)","AG.CON.FERT.PT.ZS","","69.6947180580404","74.0490185670673","71.9083869366191","69.9148342738945","69.2311691246154","67.7831628358417","70.0331050174955","68.6596708752085","72.9338504017338","75.023135833631","76.730101294133","77.0020349910725","77.2312067249703","69.1325953549983","79.7924990063573","78.6412942088296","76.2898751780987","78.0793781803417","78.0311232921265","76.0640762694961","79.2639860602027","80.6629562211983","78.3241006660245","77.6207601033487","81.5212010867987","85.2352763588364","83.137061803542","84.2022023206689","86.4988154372337","88.3744453513104","90.3343617797216","88.8632953795356","94.1868985529083","97.4926210653896","95.1152961631617","97.6880467310315","94.6745224568872","97.2886088720751","99.8600242143201","106.624046406927","105.224120491241","99.1595124183352","101.439734385678","96.8312622399893","86.0471087090567","84.2623625936863","90.4294481911598","77.0901851249607","80.3281292723598","83.8930349246829","82.6812369114582","84.7184015083807","83.2205014084191","87.3246488514087","81.3652445662497","81.6214696390724","86.1126269853218","87.2564788920277","83.0417783435091","92.0516464416309","83.0410519574272","87.6589248287998","","",
"Eritrea","ERI","Fertilizer consumption (% of fertilizer production)","AG.CON.FERT.PT.ZS","","","","","","","","","","","","","","","","","","","","","","","","","","","","","","","","","","","","","","","","","","","","","","","","","","","","","","","","","","","","","","","","","",
"Spain","ESP","Fertilizer consumption (% of fertilizer production)","AG.CON.FERT.PT.ZS","","107.848963928486","111.333690539272","109.649676943554","91.9393014780344","77.8214231005664","74.0743850222484","72.9693741677763","76.8151399582644","75.5691471287802","75.857766687461","80.6824754193175","78.2436119385369","82.906626629136","87.3536727289323","78.1428952870855","83.0369111164331","72.8663926638853","77.6736512443227","80.3507962084901","77.3670361200367","69.2794460782908","77.286510941337","75.8058975629458","77.8030025735938","80.6800380941924","86.4447100102353","92.6741761222793","99.2936857095841","99.4448590341245","109.473051437183","112.321146429674","99.6519013174089","100.685866345244","101.768836791805","97.940251572327","115.693363240533","103.101002690144","123.024948024948","120.26765163297","119.133133798914","126.406079097346","135.930140533397","124.595984970947","118.047293021115","103.737481066172","112.706535360572","117.185367443222","89.1699567127999","106.145003684811","112.151030876985","95.7240133486006","90.7532294049602","104.528401335746","117.494983061907","112.734850509594","110.453059178655","120.354506625365","114.592826029002","121.786029294302","132.809389617518","97.3388549762731","84.7979455933118","","",
"Estonia","EST","Fertilizer consumption (% of fertilizer production)","AG.CON.FERT.PT.ZS","","","","","","","","","","","","","","","","","","","","","","","","","","","","","","","","","175.263182447247","382.32870261361","76.5837436613508","49.0367775831874","42.3938814531549","66.5191387559809","110.569965870307","67.619802765251","92.4679233328053","75.1803021484425","111.304813715793","114.85","65.7377516854101","35.7191662128039","42.5747357825868","47.1656034438048","65.391825613079","423.119378577269","6118.03051317614","17328.7356321839","19054.5454545455","14395.3424657534","23082.2994210091","47056.2442027152","49620.5718395972","24085.5183541751","22868.7779377226","23596.1057655883","24917.4179862111","27443.7457383135","22973.7101295553","","",
"Ethiopia","ETH","Fertilizer consumption (% of fertilizer production)","AG.CON.FERT.PT.ZS","","","","","","","","","","","","","","","","","","","","","","","","","","","","","","","","","","","","","","","","","","","","","","","","","","","","","","","","","","","","","","","","","",
"European Union","EUU","Fertilizer consumption (% of fertilizer production)","AG.CON.FERT.PT.ZS","","75.2889716545546","82.5324024712535","80.8260263426623","78.9336620608777","78.8166635704151","78.5427084648724","81.7554941183948","81.1513637829908","84.3594414607613","85.5849762576031","87.5708089293201","87.8708315939927","89.4775410644049","81.5113489486522","92.560948995831","89.1348979256539","87.0630587042107","87.6276612031124","87.7785696010223","85.1886888807122","89.4224409837304","89.4394753012404","87.6911223224411","85.5919860753256","88.3197794454607","91.5522995850812","87.8818171575275","89.5489915913003","90.0945276671485","89.5449619985384","88.1115149821138","85.928107125242","91.8152575309375","92.7107074657247","87.313478454538","90.9977344199488","91.8390852945265","96.2549437042988","97.4401721353142","99.8254930129831","99.9096048257292","96.7690345402838","97.7908833529169","91.217084041332","83.8346281949882","84.0625705976483","89.412733684638","80.7748638101219","84.7045300892742","87.1849771872953","85.7717397943684","86.7828338850437","88.3909832469459","89.5329702596963","87.0622325652862","89.8545195271775","90.8006855452248","91.7398298907068","87.2563274373752","87.9292829423043","85.083230899319","97.7189977984039","","",
"Fragile and conflict affected situations","FCS","Fertilizer consumption (% of fertilizer production)","AG.CON.FERT.PT.ZS","","405.72192513369","335.598331406745","239.915674730699","268.61310782241","227.15451300357","208.196774193548","203.993197278912","216.137238346912","180.44805818581","182.510352829362","186.666136717062","153.807997557998","154.420771606554","118.951733368387","149.891654134122","173.482196774079","140.503219715161","138.658452057168","106.863200135374","116.001048266012","178.358262001676","161.825020060715","121.825758339212","106.940304097071","104.3161123378","110.066023070565","107.134321317425","91.7740859220395","80.0137557573576","100.793705415366","125.603195902352","90.1422119794987","75.5970163235673","71.7566425120773","64.7043262465781","51.2838425712677","55.2591514553527","56.8182666437751","54.8963483616861","52.6062018917551","51.3680268282645","56.2406317480138","53.0406884473287","53.1374453761591","51.879582733784","53.4967978528723","51.5404458576206","56.7331931195548","69.9355815258257","73.4389663128265","73.5733247470714","76.4327687317903","107.935975459084","138.372475718473","145.822815216914","152.70547845686","199.56545558548","222.142532614148","218.941769646054","277.380243205336","261.727968371797","242.466894634536","","",
"Finland","FIN","Fertilizer consumption (% of fertilizer production)","AG.CON.FERT.PT.ZS","","201.127972895352","200.389865203469","172.473703585244","188.294878361812","159.83587381825","127.561438480607","156.159960783154","156.20490377602","144.167357493721","125.891311782934","130.534733149328","110.446237041151","127.225306063791","126.441003157836","140.716143174175","124.451624325042","133.234129999939","114.692227666939","110.017003479312","114.944992947814","109.091904006243","110.085005710897","94.370322160755","89.1652266335037","94.8941557205406","95.3932921116732","101.937866354045","99.048652995577","111.813586166497","100.625142077745","109.689420899385","98.3019943019943","92.3428184281843","97.2890410958904","92.3550135501355","93.1547619047619","94.2942942942943","95.6656346749226","96.5732087227414","88.2005899705015","83.4269662921348","72.3507770135733","96.6056459409074","82.912235063825","69.3190237851705","73.2366605395365","58.2767836803239","54.060001251136","48.8477625447144","53.614469414569","48.3295613524573","42.617236455396","34.6325903345714","56.9831545501212","45.2508390522892","48.2181692513845","63.076762344989","58.2379189828553","46.2863833808452","49.8450849719203","41.8219483344399","112.455574179737","","",
"Fiji","FJI","Fertilizer consumption (% of fertilizer production)","AG.CON.FERT.PT.ZS","","","","","","","","","","","","","","","","","","","","","","","","","","","","","","","","","","","","","","","","","","","","","","","","","","","","","","","","","","","","","","","","","",
"France","FRA","Fertilizer consumption (% of fertilizer production)","AG.CON.FERT.PT.ZS","","73.9584287153191","80.8338711648153","77.5048358032032","74.5827027551416","74.4889561852573","76.8964284901323","87.2145030957164","90.5742044958739","95.2788564560253","100.165382832185","102.883389757522","111.550286221093","107.548696519653","84.9430781580676","107.637006752722","112.963823431796","110.466172401411","113.044090717002","116.705868400767","113.90536149472","121.633544442018","127.067034646352","125.629980615981","123.609923011121","130.313501144165","138.071949212321","143.343187977334","149.023845007452","163.481009267692","152.052228822176","150.77214846925","143.037574992106","147.99099967856","175.435591958302","175.194295900178","173.128205128205","186.364824984123","206.462352740311","217.606665445889","255.536374845869","256.760078662734","279.508912576178","346.206615682638","321.871284301288","226.649104362134","163.906083574467","174.277437798423","138.368111532985","140.625664764268","159.269382068329","422.979030025358","499.942606336325","419.087987985935","605.539885199805","449.906490591692","505.192866599147","560.596036485363","423.053706007171","444.042634876329","","1418.35276478348","7180.73874470283","","",
"Faroe Islands","FRO","Fertilizer consumption (% of fertilizer production)","AG.CON.FERT.PT.ZS","","","","","","","","","","","","","","","","","","","","","","","","","","","","","","","","","","","","","","","","","","","","","","","","","","","","","","","","","","","","","","","","","",
"Micronesia, Fed. Sts.","FSM","Fertilizer consumption (% of fertilizer production)","AG.CON.FERT.PT.ZS","","","","","","","","","","","","","","","","","","","","","","","","","","","","","","","","","","","","","","","","","","","","","","","","","","","","","","","","","","","","","","","","","",
"Gabon","GAB","Fertilizer consumption (% of fertilizer production)","AG.CON.FERT.PT.ZS","","","","","","","","","","","","","","","","","","","","","","","","","","","","","","","","","","","","","","","","","","","","","","","","","","","","","","","","","","","","","","","","","",
"United Kingdom","GBR","Fertilizer consumption (% of fertilizer production)","AG.CON.FERT.PT.ZS","","156.523681858802","152.046531667385","150.938824954573","143.336851194474","142.310508971073","145.166070961555","145.486111111111","139.712062256809","140.555747922438","147.163506372397","156.525580274677","142.219304005253","156.227045075125","114.951867276575","116.959064327485","123.258785942492","114.603536794067","119.165325362152","108.28488372093","114.111111111111","121.296784396415","128.263279911299","129.998509761065","127.96442687747","130.160372478013","131.8407960199","139.660407061734","134.91150200011","144.14466130884","149.063670411985","152.887323943662","145.566860465116","143.103448275862","153.457814661134","156.611865618299","146.215384615385","135.603345280765","128.377544725478","158.287073750991","156.521739130435","169.691470054446","160.73883161512","154.217698809729","164.401294498382","175.962955167333","174.871335869322","159.789560552919","193.228840125392","229.464285714286","209.379509379509","176.533018867925","162.858750703433","420.143884892086","420.293797606094","366.690838772057","473.517285125278","412.551159618008","436.818851251841","439.175257731959","341.834232466896","355.811672388426","215.658409181816","","",
"Georgia","GEO","Fertilizer consumption (% of fertilizer production)","AG.CON.FERT.PT.ZS","","","","","","","","","","","","","","","","","","","","","","","","","","","","","","","","","94.8616600790514","91.9795221843004","91.1764705882353","72.9411764705882","59.9627560521415","47.8374836173001","61.4828209764919","42.5985090521832","42","71.6112531969309","31.8072289156626","14.9851111140008","15.1187882009035","22.6850719636242","17.2249329296035","14.5195794328716","14.0491308346354","16.0952563591718","12.9593158497677","10.6867486408143","13.7470955563171","18.9129079873722","15.3154906123101","14.6588529652941","21.0142943424324","15.4618661816755","12.6058722204657","12.1278774311774","21.0378678494652","18.8036553944177","15.7235897873622","","",
"Ghana","GHA","Fertilizer consumption (% of fertilizer production)","AG.CON.FERT.PT.ZS","","","","","","","","","","","","","","","","","","","","","","","","","","","","","","","","","","","","","","","","","","","","","","","","","","","","","","","","","","","","","","","","","",
"Gibraltar","GIB","Fertilizer consumption (% of fertilizer production)","AG.CON.FERT.PT.ZS","","","","","","","","","","","","","","","","","","","","","","","","","","","","","","","","","","","","","","","","","","","","","","","","","","","","","","","","","","","","","","","","","",
"Guinea","GIN","Fertilizer consumption (% of fertilizer production)","AG.CON.FERT.PT.ZS","","","","","","","","","","","","","","","","","","","","","","","","","","","","","","","","","","","","","","","","","","","","","","","","","","","","","","","","","","","","","","","","","",
"Gambia, The","GMB","Fertilizer consumption (% of fertilizer production)","AG.CON.FERT.PT.ZS","","","","","","","","","","","","","","","","","","","","","","","","","","","","","","","","","","","","","","","","","","","","","","","","","","","","","","","","","","","","","","","","","",
"Guinea-Bissau","GNB","Fertilizer consumption (% of fertilizer production)","AG.CON.FERT.PT.ZS","","","","","","","","","","","","","","","","","","","","","","","","","","","","","","","","","","","","","","","","","","","","","","","","","","","","","","","","","","","","","","","","","",
"Equatorial Guinea","GNQ","Fertilizer consumption (% of fertilizer production)","AG.CON.FERT.PT.ZS","","","","","","","","","","","","","","","","","","","","","","","","","","","","","","","","","","","","","","","","","","","","","","","","","","","","","","","","","","","","","","","","","",
"Greece","GRC","Fertilizer consumption (% of fertilizer production)","AG.CON.FERT.PT.ZS","","314.616451932607","366.115671917758","300.479830615668","220.25778079694","198.043801156654","105.540199737718","111.934459596988","120.765910509726","120.350505666533","119.626606590173","107.257681318614","92.2751640455842","97.3414514681309","97.9977011494253","97.3439915855903","110.243688077467","109.904013961606","111.814989194196","114.167812929849","109.3626738634","128.898677044184","111.349924585219","107.88675429727","104.5140562249","110.062015503876","112.308422103862","98.679706601467","102.690724912947","102.574226152874","110.458657355975","112.469817178337","124.356435643564","127.568922305764","122.273781902552","119.952494061758","117.154811715481","138.082191780822","136.416184971098","142.987804878049","131.072147168727","129.429429429429","207.522042315298","141.13456851148","175.086449879476","188.157395652911","381.338026609993","510.625480536492","472.588676884579","630.686626292063","185.191672431437","87.4871901122559","147.80040060517","169.190828173904","124.663932654666","98.0982457159143","135.772960215789","79.9079066619775","149.420112313824","187.579076692652","254.823329778568","289.807822619875","73.0352133328093","","",
"Grenada","GRD","Fertilizer consumption (% of fertilizer production)","AG.CON.FERT.PT.ZS","","","","","","","","","","","","","","","","","","","","","","","","","","","","","","","","","","","","","","","","","","","","","","","","","","","","","","","","","","","","","","","","","",
"Greenland","GRL","Fertilizer consumption (% of fertilizer production)","AG.CON.FERT.PT.ZS","","","","","","","","","","","","","","","","","","","","","","","","","","","","","","","","","","","","","","","","","","","","","","","","","","","","","","","","","","","","","","","","","",
"Guatemala","GTM","Fertilizer consumption (% of fertilizer production)","AG.CON.FERT.PT.ZS","","","","","","","","","","","","","","","3230.35","1100","787.775","876.508474576271","858.452670449428","2510","500","544.225609756098","652.588709677419","400.405882352941","474.736842105263","475.4","615","1010.23120921614","766.428571428571","924.285714285714","835.714285714286","954.666666666667","1518.26923076923","","","","","","","","","","","","","","","","","","","","","","","","","","","","","","","","",
"Guam","GUM","Fertilizer consumption (% of fertilizer production)","AG.CON.FERT.PT.ZS","","","","","","","","","","","","","","","","","","","","","","","","","","","","","","","","","","","","","","","","","","","","","","","","","","","","","","","","","","","","","","","","","",
"Guyana","GUY","Fertilizer consumption (% of fertilizer production)","AG.CON.FERT.PT.ZS","","","","","","","","","","","","","","","","","","","","","","","","","","","","","","","","","","","","","","","","","","","","","","","","","","","","","","","","","","","","","","","","","",
"High income","HIC","Fertilizer consumption (% of fertilizer production)","AG.CON.FERT.PT.ZS","","","","","","","","","","","","","83.7162008590687","84.8406070331264","78.2200719983065","86.0621542389637","85.6397198160945","82.5824558700533","81.6041783221925","79.9657698953782","78.0821891023609","85.1517678914911","83.6592312247945","80.6970796280386","77.7707990867549","82.1801703393561","78.1465209624205","74.6057289396222","73.9815494444663","76.7674410332031","74.8563477474487","72.4758671014231","67.5440489842805","69.6888453658539","66.012373216424","65.2527862461471","66.1118012668092","67.4919003047881","67.362870736144","68.8089425136427","68.3958520586614","68.3073938061164","67.4173461223765","70.3978666912124","64.4939994404566","62.9865012266849","62.925449139065","60.4988628130619","57.6613578348174","68.0462760312697","59.667371679458","60.9909448061222","62.8601835777407","59.6612807947256","59.0072605706879","57.3818222103422","56.3990870647347","54.8455853955997","53.8357627926133","53.7809803111708","53.8382108075371","53.0661279699563","52.6646055107221","","",
"Hong Kong SAR, China","HKG","Fertilizer consumption (% of fertilizer production)","AG.CON.FERT.PT.ZS","","","","","","","","","","","","","","","","","","","","","","","","","","","","","","","","","","","","","","","","","","","","","","","","","","","","","","","","","","","","","","","","","",
"Honduras","HND","Fertilizer consumption (% of fertilizer production)","AG.CON.FERT.PT.ZS","","","","","","","","","","","","","","","","","","","","","","","","","","","","","","","","","","","","","","","","","","","","","","","","","","","","","","","","","","","","","","","","","",
"Heavily indebted poor countries (HIPC)","HPC","Fertilizer consumption (% of fertilizer production)","AG.CON.FERT.PT.ZS","","","329.268292682927","232.558139534884","102.857142857143","87.28","114.558887440243","318.377239199157","140.160519544173","103.846358744872","215.856487874938","227.855539000693","164.359361490715","194.507048288273","218.630885798105","278.205935605762","264.105569883109","270.237605477999","190.106691731803","209.644957525594","224.506269990354","256.459143968872","294.878491030802","246.082162866157","194.672232397666","193.383778706902","172.140991405099","190.362283165851","184.851039024467","200.05298013245","158.150199554317","175.258128742404","176.275545192703","194.117647058824","159.571216617211","131.735172413793","146.688218390805","134.294614572334","104.94468832309","155.912946486472","186.825749358676","63.302752293578","577.002826792037","527.636671375643","630.59808318905","699.0398270256","2259.03302323531","1376.3247936631","1757.22967068533","3066.17658626114","2834.0858836557","2800.61668175993","2613.43183555876","454.146161738877","485.925882046399","683.618687978006","787.030641704989","2746.70485224118","1699.4934360536","1449.8900053015","7575.75092225189","2081.92285982898","1283.71939928527","","",
"Croatia","HRV","Fertilizer consumption (% of fertilizer production)","AG.CON.FERT.PT.ZS","","","","","","","","","","","","","","","","","","","","","","","","","","","","","","","","","46.0715818858717","40.7603497444017","53.4602344494427","47.5117992009618","51.5151515151515","66.6098408474613","51.2691727487552","45.3910124860344","52.203918337153","51.6015280634734","70.6717948717949","71.0475099207185","65.3742067705375","59.1097194250559","73.6562456774375","72.8878374234089","90.1637887816425","39.7101256085335","63.1723992106005","60.0468517194753","41.6479202928996","35.9172751251959","39.6546777932078","34.7052936247552","23.9818700584561","35.4178431150877","41.8189541020268","37.8136251384805","40.5757415174714","63.8164509408618","211.217319780829","","",
"Haiti","HTI","Fertilizer consumption (% of fertilizer production)","AG.CON.FERT.PT.ZS","","","","","","","","","","","","","","","","","","","","","","","","","","","","","","","","","","","","","","","","","","","","","","","","","","","","","","","","","","","","","","","","","",
"Hungary","HUN","Fertilizer consumption (% of fertilizer production)","AG.CON.FERT.PT.ZS","","174.22689592643","187.739269637555","178.698595413473","178.322137508013","134.426100037608","129.845611117073","152.216242168468","156.875597024046","148.676431152712","161.769065033188","172.816862356359","183.265222979538","195.739203915458","217.377328134125","236.479915268757","183.385303257721","196.544277862695","180.837614287678","173.73794162933","161.375060265144","160.706306711775","170.883328693004","170.010459735377","167.792838424101","149.849531346423","155.481799268756","146.58426219914","182.038911005522","152.574971529799","122.314085267134","119.592592592593","112.960583330843","140.436765058795","124.641636869289","149.848582290641","157.202045682297","153.684059014034","158.715203426124","142.443200526836","132.556897647807","152.367696440564","207.962538189917","213.832372954832","170.255947682941","125.92273740612","150.993377483444","227.386889598507","208.757127319469","154.952282917808","158.727084172545","136.405434898329","175.750535666996","166.478037367623","142.467061264478","144.353168686791","174.695837759549","192.656411943409","190.77907847406","184.31735458065","77.4134273612816","85.285564543637","107.618726351447","","",
"IBRD only","IBD","Fertilizer consumption (% of fertilizer production)","AG.CON.FERT.PT.ZS","","117.028019417166","146.700723436656","152.938688463973","146.600745924771","146.708193251566","152.958090785095","158.873393962913","173.53350928412","161.443725735219","158.588357357397","149.461572783065","149.006095000238","151.938544702324","139.248523605548","141.350756966367","136.67615750999","138.007224355524","136.170459645149","134.391899052361","132.164990917391","127.86193038829","126.211824600245","125.533228734148","126.402906159734","120.052425276596","118.312974027272","118.530506081618","120.296936305358","118.745112320338","122.085259558073","124.187527964581","100.890945708886","99.1351317259992","101.233944277143","98.6360160885598","99.9504372034154","103.594622206732","103.975296240396","101.175569384316","98.4963849526921","97.5507942735245","98.9386566720831","97.0740078894827","97.4815355264857","96.4302046254013","100.36554875092","100.010567529318","99.0658243950624","104.706614331778","96.6186524182636","98.3498585349876","97.3959727217371","98.8140428881716","95.1069345414486","91.3944297598395","94.9440119031547","97.8237265264431","98.9887076798308","92.8782863750568","99.7782196630527","97.5063276929986","98.37859805902","","",
"IDA & IBRD total","IBT","Fertilizer consumption (% of fertilizer production)","AG.CON.FERT.PT.ZS","","119.262685972641","146.515767459542","153.427238711311","148.194148898001","147.777965733066","154.683932149062","162.075331913114","177.169205865995","163.531372014534","159.997234400159","151.18136738439","149.571118393341","151.637437497147","140.098485142038","142.808090574461","138.896993841205","141.102662822742","139.029942395573","137.827320802084","135.358537565321","130.33287661971","128.077115100487","126.684656732923","127.479337243357","121.70840041468","120.532919250723","120.045087444159","121.333607307559","120.254817334581","123.599790424867","126.047180493798","102.885038735195","101.034346658147","103.198748181894","100.752041951318","101.891795622243","105.655891603444","105.449242673508","102.805831973972","100.194781016257","99.2331711502907","101.107866038047","99.2027252668119","99.4855587580183","98.768143912192","102.585488981736","101.774526043257","100.947123308511","107.229397141337","99.0470625595823","100.900321240795","99.8979825677678","102.488714146104","98.9496652405951","95.3436905028097","98.831828093738","102.81184770229","104.05784569221","98.1923036216025","105.587320096107","102.766018489643","102.404914038262","","",
"IDA total","IDA","Fertilizer consumption (% of fertilizer production)","AG.CON.FERT.PT.ZS","","337.449590966701","140.287274562893","168.983291371023","214.019547364768","196.218866950574","247.062812158899","314.02139555742","364.662063411579","234.265737090416","201.336459414278","197.492080003783","161.749918761509","145.134939039999","160.304776122707","176.630035839199","193.405568726261","234.886002361704","224.655503705737","234.846688516052","218.669825944922","184.457440420554","163.391313351833","146.852584923535","147.575453304785","151.032742838927","161.098943480698","147.836331957551","140.196424760265","147.576333445389","150.506802540635","160.605080784465","135.130760258697","128.037961829643","135.875140126475","137.77696714562","136.208175364929","145.416695101687","132.191645251007","131.511670201179","130.391303309802","131.126394317584","142.189878286981","142.164919569909","141.505916420862","147.741826455937","149.058385349935","140.741683739014","142.094876893378","160.302642694169","159.580885651784","164.950814401185","166.915228809779","195.076151953277","199.116638576177","193.224140056861","184.94611546537","216.379775845182","217.129908854849","217.697423518097","230.691669185353","213.35316532175","174.896260513313","","",
"IDA blend","IDB","Fertilizer consumption (% of fertilizer production)","AG.CON.FERT.PT.ZS","","351.228291524417","170.912715994683","213.248703160744","265.981167954852","245.064334248952","297.067612744764","390.709654498623","422.429508915333","217.280900455742","201.328835133104","166.893105284669","153.371984213118","137.747601580135","136.153861584307","178.584714465862","201.677246573527","235.069196850852","240.55080060252","227.693004390715","195.48638750754","170.829887679869","152.335213608261","136.498144999984","137.46983697968","149.072584754757","163.083415051048","147.224897584802","136.947387372921","144.442678442812","148.764752369819","156.303399492024","128.42842718449","122.868012242444","124.684680524852","126.877746790024","125.682242987567","136.089517530564","126.834900510438","119.093560137044","120.765759727261","125.511007970643","129.590805831969","128.822144222066","121.188264133867","128.545054293091","124.004068459745","116.279219309785","110.105181377815","130.51213388152","129.55326833993","119.213434452671","119.17885611125","142.230883247169","135.011313394311","125.058750568504","120.178436031054","135.050452173184","127.086628292374","124.118068236475","127.772950966281","122.598737961213","91.1174104375625","","",
"Indonesia","IDN","Fertilizer consumption (% of fertilizer production)","AG.CON.FERT.PT.ZS","","","","866.666666666667","209.221739130435","205.430434782609","353.668292682927","287.954545454545","644.67458432304","452.944020356234","530.613913005059","471.33755318045","752.913659449345","593.693616290059","412.99058149736","235.710843373494","267.42671009772","155.364806866953","109.99086513247","92.0100598689077","99.5622072292674","118.399951131111","132.098313945196","106.974154640053","105.874725150815","89.0660592255125","87.2168983059647","88.1689547068311","95.9766335254749","79.847865775039","81.9773159378483","82.5145253893492","90.8547309180443","76.6982353116424","80.0142708873897","80.3634977122522","81.2803016699587","68.0079377194321","87.0274064384392","80.3430260534818","81.8533959229229","94.702790714036","111.657852359229","111.024297158404","123.185040323133","102.582993062733","109.027606174756","121.07957588805","118.397405023076","103.47849512721","105.940235345092","113.830428965059","131.486353964898","127.487464331651","139.600564304742","139.809886228921","142.10225442784","147.702994973738","147.318641424003","114.113034565006","121.863139651046","143.063757177513","121.854802455693","","",
"IDA only","IDX","Fertilizer consumption (% of fertilizer production)","AG.CON.FERT.PT.ZS","","289.649845520082","90.0109104133834","110.708150410384","126.102750389206","124.432168277914","170.151321174471","212.338492597577","285.422230082235","284.457225017973","201.348333511785","296.310295176386","177.067701067079","158.50911211671","219.299831219034","173.707442223778","181.642017554977","234.63695624219","204.386420222555","245.000736792362","264.787060625458","209.755688104383","182.38889474189","163.044371195461","162.4601303564","153.903846434452","158.12466591077","148.682487150148","145.172170958132","152.500742804085","153.186322556533","167.221319932742","152.67278987018","141.251237087895","162.091548036908","163.244646424853","160.079643849962","166.973159591332","143.161289382151","160.474151768379","150.990403530954","142.445331721388","168.124475598816","174.481824886966","195.395629656735","201.213581595014","225.943527981772","214.996442824437","259.631764199648","301.281627744429","317.691894403203","400.469146395827","433.864984384742","416.595957268505","488.062785469405","563.235062708029","561.665476203111","896.420702048772","1139.34984425141","1142.23218825321","1238.41015120907","1132.68314539633","1327.77960061315","","",
"Isle of Man","IMN","Fertilizer consumption (% of fertilizer production)","AG.CON.FERT.PT.ZS","","","","","","","","","","","","","","","","","","","","","","","","","","","","","","","","","","","","","","","","","","","","","","","","","","","","","","","","","","","","","","","","","",
"India","IND","Fertilizer consumption (% of fertilizer production)","AG.CON.FERT.PT.ZS","","153.983404567158","160.074196266115","166.395408600308","206.61090773054","219.967534743152","242.049703100946","252.419222568476","226.835867044576","207.691501624227","212.766358664907","214.344493747479","199.87723859041","206.526484284051","169.541441560153","191.158286370849","145.600204542549","160.314972383938","173.052276559865","175.47672135512","183.053202752779","148.029388867264","132.351481127137","145.032608567361","152.249667071618","150.141679381483","135.56441783599","116.262330584029","119.232759070412","132.118677120043","132.502493379837","128.751462074966","124.391689432834","135.275568379785","129.282937810091","122.323912218476","128.156746926633","122.984938510516","122.865994285005","126.089684435893","113.68746025741","118.59459311618","113.401275032345","119.961055081536","121.48632440882","132.896008909816","152.551053782092","172.230339025303","188.965017924367","181.231008642721","171.491764074282","171.196237140606","159.54027888951","149.517841984085","154.546113601489","149.441673137188","144.728520036811","146.530556014768","152.701187574258","156.483317038389","176.042247195875","160.62028102616","143.855775951411","","",
"Not classified","INX","Fertilizer consumption (% of fertilizer production)","AG.CON.FERT.PT.ZS","","","","","","","","","","","","","","","","","","","","","","","","","","","","","","","","","","","","","","","","","","","","","","","","","","","","","","","","","","","","","","","","","",
"Ireland","IRL","Fertilizer consumption (% of fertilizer production)","AG.CON.FERT.PT.ZS","","315.110095167009","326.063732587397","325.939115608844","332.874657435454","196.364112662825","244.309243697479","226.827586206897","218.727272727273","211.869107043816","219.781931464174","204.384428223844","239.095022624434","202.386682711592","192","228.201480698043","272.966965285554","284.092007434944","580.815972222222","411.891515994437","256.794871794872","244.449030127941","238.309215536938","252.627655609392","284.159663865546","258.004508196721","280.873140172279","231.23469744666","270.039682539683","238.051904280418","248.136200716846","218.032786885246","217.589576547231","227.301587301587","235","243.648208469055","236.805555555556","202.453987730061","228.938906752412","249.819494584838","318.158174097665","210.613214285714","287.428365384615","","","","","","","","","","","","","","","","","","","","","","",
"Iran, Islamic Rep.","IRN","Fertilizer consumption (% of fertilizer production)","AG.CON.FERT.PT.ZS","","","","270.477777777778","240.161538461538","234.177215189873","196","278.888888888889","338.260869565217","333.333333333333","307.362459546926","144.050447518308","97.6894216245188","149.42434098301","155.498187770373","160.786753445636","139.254909157644","189.54122479289","222.429406731318","339.565373563218","604.758382642998","2854.625","3073.65642994242","3735.29940981719","6664.35565154788","4038.65178571429","1255.99740682502","892.092760180996","872.446428571429","356.146737608513","254.215020801401","187.745098039216","178.448116325182","156.413817045652","174.264409792132","174.596635770683","130.843132500909","147.022530751431","129.745216412565","163.540258143823","160.330771531789","149.271669192778","114.927621867321","121.279050887195","134.471303181688","127.760170851698","140.737764949906","171.523714838605","122.050644869343","113.671783714012","101.268134863199","51.6603471847948","42.6549555111522","50.055818038187","75.1672508194525","42.3680445101382","45.7531614748109","42.944366703019","49.4258521993159","54.0848202749638","58.6934551574319","58.6934551574319","58.6934551574319","","",
"Iraq","IRQ","Fertilizer consumption (% of fertilizer production)","AG.CON.FERT.PT.ZS","","","","","","","","","","","283.333333333333","189.622553151634","86.5333231544393","101.937846678993","102.505952380952","134.567901234568","169.745776093479","43.2010202454966","35.3655006031363","26.3565891472868","26","","1604","45.78125","66.1538461538461","49.0755845568244","51.3049163179916","54.7810770005033","30.8300907911803","24.7303938454472","46.1024498886414","107.76","100","112.987012987013","124.675324675325","108.409090909091","109.046153846154","109.784615384615","117.938461538462","118.323170731707","113.170731707317","96.4830188679245","98.7089749572251","191.166666666667","93.8186975534807","133.904767733643","133.289583581911","145.964474914304","133.356651509852","155.584902988245","141.987577639752","130.527950310559","169.934050007963","142.282756497106","189.89614805603","230.667661157996","123.030287641458","215.113496154157","234.400703646404","202.929038607279","216.359545632589","229.576310307493","231.137327899613","","",
"Iceland","ISL","Fertilizer consumption (% of fertilizer production)","AG.CON.FERT.PT.ZS","","174.203955674008","214.363143631436","264.802834257548","275.048820790146","296.20253164557","226.316406708104","264.696465952469","292.039739973016","277.209758489641","303.024010382868","342.969466649194","322.949816401469","290.986148439115","353.479152426521","313.270986417279","268.771699352538","289.697391996815","316.554925219185","304.250648573139","324.161297489447","341.189801699717","382.5","483.16393442623","222.601938502674","217.275862068966","214.939655172414","233.37","229.688796680498","216.395348837209","228.386905935713","176.686454398273","186.530041918957","230","174.765217391304","223.923992673993","153.182518446445","160.833333333333","162.608695652174","182.5","176.666666666667","20896.5517241379","","","","","","","","","","","","","","","","","","","","","","","",
"Israel","ISR","Fertilizer consumption (% of fertilizer production)","AG.CON.FERT.PT.ZS","","31.56092630992","24.9834641171342","22.1879315598721","14.0823685708863","11.4134832417699","11.8493711393912","12.3609968417421","11.9269750519751","11.040553742543","9.25906480456855","10.0603438271912","9.31509495645972","9.86073245697814","8.90408029524368","9.27344157943158","10.0291046750656","9.99837109061748","10.6599321107838","8.61365157877847","8.65723879830727","7.64810014862007","7.62314743186612","7.47265502924238","7.23709008669431","6.84554779247807","6.52688771245472","6.59488559892328","6.81008591185304","6.41704325371207","6.5685019206146","6.19293370385073","6.60855463206973","6.09831985065339","6.86468646864687","6.43166357452072","6.61846496106785","6.59340659340659","6.03491271820449","4.32584815786916","4.39827812090586","4.26069343500536","4.17484226089946","4.4860374008486","4.05609936572076","4.14801310491353","5.10752379546417","4.13662847041171","3.17312547301406","4.82193605902518","2.27900990062073","2.94553520129146","3.65242725541282","3.56944053108077","3.07314174898055","3.80861994114599","3.49859790097563","3.36851145597893","3.39583944253311","3.48308300773319","3.52413301875892","3.78927442253892","","","",
"Italy","ITA","Fertilizer consumption (% of fertilizer production)","AG.CON.FERT.PT.ZS","","72.7077157830225","70.0713588660904","63.88373540297","64.5933540238697","68.0343108867649","67.7078262437771","61.9931202020754","63.4851132601041","73.8524061604907","82.5687309235015","85.5090559921484","91.9574922782929","82.6612013187562","74.5317847343514","107.80523175875","95.0716116667506","107.519441149334","117.2129576686","111.914488114504","112.467435346079","123.535778792631","114.938573670005","123.336254778714","110.003235964988","120.232399447387","132.746774400046","122.56508049997","105.949965029104","104.543189857301","162.981304400306","138.721773011018","162.605752961083","231.90012180268","209.545957918051","207.990867579909","254.433833560709","248.656294200849","283.766233766234","321.441441441441","318.382352941176","297.862923728814","274.970139066633","264.94189139573","219.446840572504","314.270897275787","401.93582742848","864.824136531927","245.785961720096","252.341497149756","321.938670615648","370.632687066143","288.670032276752","193.171050875201","214.141292719594","222.300336398701","190.181465588916","230.928157483212","229.416139926673","119.096933935288","98.2817714619387","87.4760137615619","125.600149710617","","",
"Jamaica","JAM","Fertilizer consumption (% of fertilizer production)","AG.CON.FERT.PT.ZS","","","","","","","","","","","","","","","","","","","","","","","","","","","","","","","","","","","","","","","","","","","","","","","","","","","","","","","","","","","","","","","","","",
"Jordan","JOR","Fertilizer consumption (% of fertilizer production)","AG.CON.FERT.PT.ZS","","","","","","","","","","","","","","250","165","84.0579710144928","103.467532467532","77.4647887323944","110.58904109589","145","108.270676691729","49.3613262671559","20.0131550687285","4.54374224428293","2.35703973385224","1.77137350282227","0.773383775689149","1.16573338150289","2.26505923577507","1.71390351977259","1.37282829595236","1.75748452976159","1.35128621791341","1.37556689390244","0.992978225406057","1.04254903238418","1.28640907136715","1.91138756026548","1.66813087611934","1.47485747229518","1.36649189334962","1.39615081221073","1.95495167827081","2.06286049989319","0.614499657907407","1.10021872611801","0.692959919459753","0.790951514672151","0.907807141416179","1.91947268825772","1.36214984822598","1.19850187265918","1.50523308694483","1.99056715475392","1.23838922091602","2.24923300050204","1.7620653179955","1.37833819723584","1.14844689378758","1.23439418747442","0.81896187930792","0.82740188493459","0.932433066066488","","",
"Japan","JPN","Fertilizer consumption (% of fertilizer production)","AG.CON.FERT.PT.ZS","","100.133370415787","101.665187114689","97.5448233933874","88.5735811150176","84.0444847934635","81.4595173379458","76.6767459652446","75.018315018315","73.7728988952594","70.5529887380884","73.6453486136215","70.4361487755729","78.1148881388957","65.9293315757322","84.0825281239789","116.146993318486","99.1596638655462","102.634011090573","106.448683015441","98.1621621621622","102.509547190398","113.335237007424","121.716937354988","111.786646773592","120.67012460502","131.164930666496","134.296076491922","132.447171097478","139.324227174694","132.611832611833","129.203539823009","137.336412625096","141.640034297295","139.550526232492","136.45131786813","132.144064930673","135.727771284725","133.427389014296","136.434329065908","147.454049427515","127.856468366383","113.410964750089","123.624764001785","116.080648160542","120.550036473332","120.555681278146","132.666056402988","115.020881725688","104.324166066547","120.553843759726","125.433891095863","128.891542237185","129.699219903226","144.134766681004","131.938429661151","129.240901113369","134.481003777586","132.864851639912","130.984498900928","125.112375328658","118.073437869104","133.043831556694","","",
"Kazakhstan","KAZ","Fertilizer consumption (% of fertilizer production)","AG.CON.FERT.PT.ZS","","","","","","","","","","","","","","","","","","","","","","","","","","","","","","","","","102.925243770314","85.9416445623342","92.3664122137405","46.7980295566502","64.3102601865488","61.6483516483516","86.0927152317881","97.9942693409742","468.354430379747","168.499882986192","25.1059322033898","25.2980430381645","26.6459069102141","33.4012820197952","37.9364061211399","39.8392900624983","16.8367597138296","33.9759036144578","101.277006971768","106.594800253646","205.04965840081","52.0801131729951","52.7467362427725","54.1021284794285","45.9378780532904","47.5954484594294","40.4971037436908","24.1064217210881","46.0065478697083","36.8331633627589","32.0859019740788","","",
"Kenya","KEN","Fertilizer consumption (% of fertilizer production)","AG.CON.FERT.PT.ZS","","1850","2016.66666666667","2670.33333333333","3210.83333333333","4004","5112","5550","","","","","","","","","","","","","","","","","","","","","","","","","","","","","","","","","","","","","","","","","","","","","","","","","","","","","","","","","",
"Kyrgyz Republic","KGZ","Fertilizer consumption (% of fertilizer production)","AG.CON.FERT.PT.ZS","","","","","","","","","","","","","","","","","","","","","","","","","","","","","","","","","","","","","","","","","","","","","","","","","","","","","","","","","","","","","","","","","",
"Cambodia","KHM","Fertilizer consumption (% of fertilizer production)","AG.CON.FERT.PT.ZS","","","","","","","","","","","","","","","","","","","","","","","","","","","","","","8.57142857142857","110.810810810811","","","","","","","","","","","","","","","","","","","","","","","","","","","","","","","","","","",
"Kiribati","KIR","Fertilizer consumption (% of fertilizer production)","AG.CON.FERT.PT.ZS","","","","","","","","","","","","","","","","","","","","","","","","","","","","","","","","","","","","","","","","","","","","","","","","","","","","","","","","","","","","","","","","","",
"St. Kitts and Nevis","KNA","Fertilizer consumption (% of fertilizer production)","AG.CON.FERT.PT.ZS","","","","","","","","","","","","","","","","","","","","","","","","","","","","","","","","","","","","","","","","","","","","","","","","","","","","","","","","","","","","","","","","","",
"Korea, Rep.","KOR","Fertilizer consumption (% of fertilizer production)","AG.CON.FERT.PT.ZS","","868.135006728366","828.947368421053","909.586303027115","555.628812619385","448.639278904489","434.148768129321","277.202849002849","113.084377215788","104.310048780488","104.221810775782","110.186037944373","112.15619047619","124.830008244023","124.892242013838","112.329396495782","85.7569657379016","80.214667102539","76.3881238487852","66.7551885704784","67.916948579161","77.6751540870971","57.7922077922078","69.1462709577953","67.8141886003138","71.0899668677258","75.0195499174559","81.9202898550725","77.9140585349349","91.4316163410302","84.9239658531351","98.1693121693122","92.2112716486461","91.9105153860676","86.0215053763441","94.3187861271676","84.7861007462687","87.5551632833186","91.6490486257928","83.841161442368","83.1987467141074","80.6941741887826","70.6822679531305","71.766800312809","70.3824441573693","68.9398244921241","56.7203735001732","63.6600525544237","50.428726845948","72.1637298294785","61.1693658596534","66.0161235803581","74.1712471816122","73.8485906213297","77.6318335038779","83.3513319989756","64.8932997447039","58.5322464554334","59.1991383627955","59.8088026117613","51.8645117282381","51.1707582517543","56.3401931377474","","",
"Kuwait","KWT","Fertilizer consumption (% of fertilizer production)","AG.CON.FERT.PT.ZS","","","","","","","","","","","","","","","","","","0.0343857670433054","0.032258064516129","0.214913708889613","0.202205882352941","0.273224043715847","0.210526315789474","0.220458553791887","0.175500175500176","0.278551532033426","0.118360403065156","0.0820451248186503","0.201543170547131","0.134517083669626","","","0.675915442978083","0.341530054644809","0.308546744831842","0.255885363357216","0.561324726354196","0.344332855093257","0.276760682270434","0.332587530991111","0.218679924209502","0.309525148178507","0.391696043869957","0.285290425653315","0.296982656212877","0.267065484456789","0.765955204216074","0.784315759690653","1.36240847871283","0.296173439165976","0.514521288578509","1.06655164481251","1.16424347826087","1.25445499081445","1.95016376987691","1.97546112886049","1.64916421424367","1.92275472433275","3.48108956960062","","","","","","",
"Latin America & Caribbean (excluding high income)","LAC","Fertilizer consumption (% of fertilizer production)","AG.CON.FERT.PT.ZS","","231.84784368423","222.996699920549","238.580289324924","242.523715311294","262.617701577675","284.933338664463","250.128261989125","269.663956040922","242.446043165468","241.268878454315","211.879894433947","231.700400568957","214.331716909731","212.575428251388","208.449685050899","208.070411172705","214.283898318303","219.195563865939","215.264918505581","205.490614339727","184.392314681563","177.941261733127","155.644185667543","159.009214305971","154.655049011519","172.42052300638","169.536323397337","164.131041291098","148.742274138437","162.262335476159","150.705401089303","165.21483585047","181.811206295721","185.658125210399","162.22094167282","186.181042377065","208.054156282241","216.906155438718","221.065471211977","241.11417723337","269.650264171512","302.146824661917","336.821261110315","352.433847824821","310.059870543643","313.534035359237","376.313645267438","347.876739428868","284.837352563647","313.546313647475","369.291235111947","355.6413144008","388.655053548727","428.920963268268","375.273298814729","454.651057644621","520.230000372696","519.181649823676","605.855403147038","639.13831490858","673.760603862137","601.722522493758","","",
"Lao PDR","LAO","Fertilizer consumption (% of fertilizer production)","AG.CON.FERT.PT.ZS","","","","","","","","","","","","","","","","","","","","","","","","","","","","","","","","","","","","","","","","","","","","","","","","","","","","","","","","","","","","","","","","","",
"Lebanon","LBN","Fertilizer consumption (% of fertilizer production)","AG.CON.FERT.PT.ZS","","271.578947368421","169.117007394519","278.671886327389","188.375939849624","148.627371820751","105.263157894737","107.295238095238","65.8332652449819","76.7441860465116","83.1758034026465","112.441314553991","122.838137472284","111.9","32.8526645768025","18.9228529839884","102.884615384615","41.5178571428571","49.8417721518987","45.9183673469388","25.8252427184466","69.0196078431373","506.25","838","362.661870503597","","","","113","184","74.7058823529412","74.25","52.3076923076923","56.2111801242236","31.4606741573034","54.320987654321","58.9473684210526","54.1234782608696","47.5373134328358","74.9411764705882","71.1948228882834","73.7745591939547","44.4701688311688","57.358301369863","46.3781047619048","38.5710566037736","28.2164","31.054184","29.8097916666667","48.4861333333333","36.185252173913","37.0565086206897","41.6779791666667","45.9937875","40.7207777777778","34.22686","64.5637931034483","50.2013850063532","37.6941372141372","40.4756582278481","62.692397260274","46.536598173516","38.5588127853881","","",
"Liberia","LBR","Fertilizer consumption (% of fertilizer production)","AG.CON.FERT.PT.ZS","","","","","","","","","","","","","","","","","","","","","","","","","","","","","","","","","","","","","","","","","","","","","","","","","","","","","","","","","","","","","","","","","",
"Libya","LBY","Fertilizer consumption (% of fertilizer production)","AG.CON.FERT.PT.ZS","","","","","","","","","","","","","","","","","","","","","","","81.3133208255159","60.0803159973667","24.1169724770642","24.3262666187567","32.8290405934817","33.7710883228581","60.9147609147609","43.7777777777778","62.08","67.84","30.1365068253413","41.2727949385932","21.4945181765724","21.7338217338217","15.6469408224674","16.0928534167971","12.3713865752082","22.3595099002223","13.5101940555146","20.0438116100767","16.7697381930185","8.4011342647407","13.1407658244334","13.6593413173653","16.17544653349","14.9066060436486","18.5936186348862","20.8856664290805","15.9426265060241","107.917933333333","412.575","28.4373789954338","39.1433267130089","15.8853741897466","23.9770320855615","37.7496461668071","23.3346776859504","112.859202898551","211.940066666667","168.833466666667","187.137466666667","","",
"St. Lucia","LCA","Fertilizer consumption (% of fertilizer production)","AG.CON.FERT.PT.ZS","","","","","","","","","","","","","","","","","","","","","","","","","","","","","","","","","","","","","","","","","","","","","","","","","","","","","","","","","","","","","","","","","",
"Latin America & Caribbean","LCN","Fertilizer consumption (% of fertilizer production)","AG.CON.FERT.PT.ZS","","143.231693350154","148.328439159299","162.260158553866","163.264017795107","175.597587015315","195.767927636691","190.471366148964","218.699135961084","206.375402696628","209.481617736573","188.22362727266","203.734742611915","198.61134919266","192.986433860361","195.548441171342","199.531118363078","206.332624559519","213.556942847428","208.870998997137","197.474992514123","175.319499568695","166.622742521755","148.822442241306","152.670676216203","148.252525103023","162.604989660267","162.538782675149","157.162613691231","144.87342878488","153.952611640921","142.520615274715","156.013822792391","167.261807706545","169.155797103551","148.179375850198","166.052704419432","183.543687941102","189.604117953951","188.897172981534","208.596012158957","223.182747095864","233.920876526109","261.231406068647","268.589343760236","233.455553156247","247.83994801727","283.772220938633","250.811116394974","206.948036819201","227.23175330374","261.481808879032","252.796747998711","294.144632677584","313.934884602609","270.279739600674","305.381117672751","352.054467983793","368.332922354928","432.605512972356","458.824469325822","478.481217358515","443.414978312141","","",
"Least developed countries: UN classification","LDC","Fertilizer consumption (% of fertilizer production)","AG.CON.FERT.PT.ZS","","289.649845520082","90.0109104133834","110.708150410384","126.102750389206","124.432168277914","170.151321174471","212.338492597577","233.10535221302","239.879411528258","171.070370199764","253.612258522135","166.89017010433","146.500781749698","204.535841561021","164.008442555201","168.28134462371","220.953196490185","188.273871122629","186.649644700224","201.094400300077","193.635089093805","211.856984589588","168.759782017745","168.961705989431","140.5400360024","138.709002596237","116.761093573562","112.051649327807","124.783540985476","129.785063175574","128.399521777215","109.852512624296","99.5218780524146","118.741493495831","124.66133735716","130.055345345112","133.66802300578","120.14769458371","132.533704334184","127.145783270308","124.948879584764","147.204603004765","152.947113273654","175.635377222742","183.709682641414","210.627922717588","197.269459990113","242.788303726325","292.505313532196","364.242600010084","478.96534247441","440.129615086033","376.929013056436","442.936365844289","505.408853330462","506.933647248991","813.97708348946","1042.89592671172","1024.25685831726","1077.29966906976","1023.91305151453","1211.55896700284","","",
"Low income","LIC","Fertilizer consumption (% of fertilizer production)","AG.CON.FERT.PT.ZS","","100","101.344585896152","101.144463407288","100.059701492537","99.6426966292135","103.054923977112","106.822698612863","138.83491443009","126.272565207609","121.4694930777","124.067406195066","117.561939182791","126.118190196267","127.583928132228","130.604198571306","123.602192300275","121.687181893658","126.627629958777","126.404309083655","124.880228167344","119.478934860361","109.035088885344","105.239555186032","104.720058955922","111.324338345733","105.179438126616","114.348076118779","118.545511913671","114.857435844848","118.459267667362","131.832516518767","129.214333293099","131.323264201984","166.853243954992","273.45988372093","184.141693560781","234.62829736211","183.583491576098","240.148267238299","264.081524933722","213.213831979246","219.890497274009","248.586492330685","259.224545911218","237.002116941123","276.498025144305","271.799339177854","264.797713805813","268.08314402381","178.315560792885","262.47546053674","344.976808081652","172.016480711893","181.579524551169","240.857692600477","317.253219906119","1333.05914250775","1492.97161456082","2774.58194866994","7254.79895970421","5106.30463119634","4998.57347872407","","",
"Liechtenstein","LIE","Fertilizer consumption (% of fertilizer production)","AG.CON.FERT.PT.ZS","","","","","","","","","","","","","","","","","","","","","","","","","","","","","","","","","","","","","","","","","","","","","","","","","","","","","","","","","","","","","","","","","",
"Sri Lanka","LKA","Fertilizer consumption (% of fertilizer production)","AG.CON.FERT.PT.ZS","","","","","","","","","","","","","","","","","","","","5428.34821428571","1549.73743435859","341.369647282244","153.564486368615","268.564748835049","277.809794076985","1935.15904572565","3129.17544143852","2524.26270136307","3186.15384615385","3077.55549065421","1877.18547767906","3214.11209867586","2550.43743924455","2505.98809523809","2891.558096251","2291.40346975089","2222.84210526316","2515.22053506869","2273.09456426271","3058.08545797923","2513.89454397394","2437.02446330504","2703.37600758653","2339.65222348917","2406.45612073784","2543.2077522188","2571.07674203581","2836.46283916634","4221.35199187451","2970.09883888302","2748.57","3345.09","2676.1182","1381.41899650158","1968.04499560866","1502.4472172115","1597.64782927444","1119.42104438231","1312.52008353088","1803.55490605544","2838.09421995635","1461.39775839426","1461.39775839426","","",
"Lower middle income","LMC","Fertilizer consumption (% of fertilizer production)","AG.CON.FERT.PT.ZS","","164.235077665403","153.860903486749","158.813636583824","176.183477207586","173.377751099585","172.808688837515","194.546532969247","187.990229599304","189.111503742768","188.035651098439","183.34242365763","171.546316127205","179.468879911431","158.355166235584","181.146085821692","160.270934261564","167.703636650906","171.646283891692","176.328121228062","169.041685986074","144.600515610402","130.730008449104","128.386889293429","132.472108779309","125.550172137711","119.391369551018","104.89502564066","103.578705526196","111.369919519974","111.129915110832","110.844180236441","107.590081598881","109.941760245591","110.618453569897","107.210903350495","111.699199399413","114.200459792778","111.666756990023","112.227818079096","107.476928341269","106.99501847696","105.422294390055","110.372409332893","112.098349984411","119.241489054482","127.563338479748","132.436847710223","137.01468573553","144.805294347987","133.285484658666","134.078914148252","125.002764034012","129.274160860543","128.831573382283","132.149592288188","123.171560287301","120.076841347985","120.368393914656","120.905520559424","130.345227818637","121.273639444301","107.316176897234","","",
"Low & middle income","LMY","Fertilizer consumption (% of fertilizer production)","AG.CON.FERT.PT.ZS","","180.854426854398","167.193930620552","172.813292005546","167.431660442801","161.522969798623","166.990766325277","178.413337277152","210.420253369876","190.997904365669","186.459893779357","169.662028576029","165.249491907967","165.546034339199","153.87262434798","157.283802602959","152.756729862168","154.346352655959","151.554678012773","146.719856049972","143.18068414554","136.806573079604","135.529822764622","132.909566941117","134.182071873159","127.172358512671","125.390215059677","125.122572929506","126.199086274896","125.494532837415","128.295964854642","130.971932285027","118.179502869252","114.950169030876","118.996318779767","117.812272687285","117.567807349574","121.22241233683","119.763546561159","118.894101853797","116.977369371633","116.731024580734","120.298320804063","117.556264536153","119.585651686081","119.115331343406","122.546581445665","121.513319314302","119.163524420745","119.886687222053","114.802901096214","117.313352665259","114.946624554473","119.285985823266","115.328000927503","110.650506930955","115.897658296207","122.960329926391","125.162124223719","117.385778284422","128.321128239697","124.752296195813","120.99353015761","","",
"Lesotho","LSO","Fertilizer consumption (% of fertilizer production)","AG.CON.FERT.PT.ZS","","","","","","","","","","","","","","","","","","","","","","","","","","","","","","","","","","","","","","","","","","","","","","","","","","","","","","","","","","","","","","","","","",
"Late-demographic dividend","LTE","Fertilizer consumption (% of fertilizer production)","AG.CON.FERT.PT.ZS","","106.061239379955","146.802218329679","146.289315061828","137.136015988749","135.26449291392","142.139163548563","149.2004508304","165.980258918203","159.519567594555","156.150586642452","141.559663996957","142.083002044572","141.858977974081","135.077108246733","133.823471570067","130.464008151233","129.604857379201","127.308202886423","125.974514986405","125.325177921159","119.806527949148","119.754900616019","121.826927030955","124.453315138754","119.616318326434","117.194408559555","122.132011056845","126.451768429271","122.894616256568","128.75964836188","133.653121102794","104.837073501431","100.076202228707","106.201144034282","105.5292013878","105.688622919087","110.900880316893","108.809248465998","103.472997359115","100.532446397209","98.3903570399518","101.539669208518","97.3142502745527","96.3795911222688","92.7692572374099","91.9765409654594","90.8434908383284","88.8815782111695","90.2790061422562","85.2436092513284","88.7720883557005","87.9882306203101","87.0589250509089","84.4199708479772","79.6460078770315","83.0483059678505","87.8373954283974","88.2785078557861","81.3783714219007","86.3179666873201","84.2387471789073","89.1143991786301","","",
"Lithuania","LTU","Fertilizer consumption (% of fertilizer production)","AG.CON.FERT.PT.ZS","","","","","","","","","","","","","","","","","","","","","","","","","","","","","","","","","60.7713283989092","40.2219140083218","30.6201550387597","28.4749034749035","26.6636791395922","26.624006205158","20.6255532605488","20.4162799946971","18.5679611650485","24.3682310469314","22.2271877315332","20.4249244277796","20.0523647244618","18.2183908582917","20.8207800980208","18.4265881363063","15.3829099777207","19.0641357757898","20.714810808786","18.3672847378291","20.1677758943409","23.5696546597562","22.3695369832904","21.2382649723322","25.1218831551547","22.6394562546395","25.0162929517506","25.396497865535","26.581588881042","31.5252580804264","41.6712820809743","","",
"Luxembourg","LUX","Fertilizer consumption (% of fertilizer production)","AG.CON.FERT.PT.ZS","","","","","","","","","","","","","","","","","","","","","","","","","","","","","","","","","","","","","","","","","","","","","","","","","","","","","","","","","","","","","","","","","",
"Latvia","LVA","Fertilizer consumption (% of fertilizer production)","AG.CON.FERT.PT.ZS","","","","","","","","","","","","","","","","","","","","","","","","","","","","","","","","","215.384615384615","","","","","","","","","","","","","","","","","","","","","","","","","","","","","","","","",
"Macao SAR, China","MAC","Fertilizer consumption (% of fertilizer production)","AG.CON.FERT.PT.ZS","","","","","","","","","","","","","","","","","","","","","","","","","","","","","","","","","","","","","","","","","","","","","","","","","","","","","","","","","","","","","","","","","",
"St. Martin (French part)","MAF","Fertilizer consumption (% of fertilizer production)","AG.CON.FERT.PT.ZS","","","","","","","","","","","","","","","","","","","","","","","","","","","","","","","","","","","","","","","","","","","","","","","","","","","","","","","","","","","","","","","","","",
"Morocco","MAR","Fertilizer consumption (% of fertilizer production)","AG.CON.FERT.PT.ZS","","225.978592077506","283.864554607837","187.856973715368","134.976663785653","119.466679525509","55.7966935014731","69.0454950936664","62.7200445102898","71.6076690578815","78.1834372217275","66.1784093463508","69.0208948033962","71.5930388219545","93.0348258706468","123.088344469191","151.500405515004","87.2630043753038","69.5067264573991","108.107344632768","96.891233005157","94.1860568383659","62.9013079667063","44.6955887714182","66.0230624832395","55.3171889838556","58.5847056596631","48.9277419354839","28.1744408414401","26.1303664488378","22.9613593124713","20.4143685475887","22.5300085185472","21.7030114226376","25.4506252695127","23.4190871369295","23.2427666907109","27.6038961038961","26.4322196558118","29.5216229348882","25.8379746835443","22.6969124133585","37.0421408011191","35.1128731474081","28.9934502856483","39.6622340629139","33.3812632868023","32.8596163169195","38.6926634170729","21.7920132013201","18.8950856921974","17.5190755343314","15.0834949821446","20.3554788060137","19.1589103989376","19.9200439722609","8.98276704334241","9.69347718348519","9.05438744313012","6.55893513745023","6.08207957544707","5.86239488504044","5.66781216920015","","",
"Monaco","MCO","Fertilizer consumption (% of fertilizer production)","AG.CON.FERT.PT.ZS","","","","","","","","","","","","","","","","","","","","","","","","","","","","","","","","","","","","","","","","","","","","","","","","","","","","","","","","","","","","","","","","","",
"Moldova","MDA","Fertilizer consumption (% of fertilizer production)","AG.CON.FERT.PT.ZS","","","","","","","","","","","","","","","","","","","","","","","","","","","","","","","","","","","","","","","","","","","","","","","","","","","","","","","","","","","","","","","","","",
"Madagascar","MDG","Fertilizer consumption (% of fertilizer production)","AG.CON.FERT.PT.ZS","","","","","","","","","","","","","","","","","","","","","","","","","","","","","","","","","","","","","","","","","","","","","","","","","","","","","","","","","","","","","","","","","",
"Maldives","MDV","Fertilizer consumption (% of fertilizer production)","AG.CON.FERT.PT.ZS","","","","","","","","","","","","","","","","","","","","","","","","","","","","","","","","","","","","","","","","","","","","","","","","","","","","","","","","","","","","","","","","","",
"Middle East, North Africa, Afghanistan & Pakistan","MEA","Fertilizer consumption (% of fertilizer production)","AG.CON.FERT.PT.ZS","","118.691361437457","106.054874305863","111.237213904288","91.5285349187519","74.8055423493719","70.8022965820795","77.838380560232","89.2856394818568","87.7824410454364","82.0775872737014","87.3296996121096","79.3418213811659","89.8826256531018","80.2876311632139","86.8881211915972","96.5891143428795","80.9761094353514","81.9040693469023","80.2639978877534","80.8874357042745","82.8926568179812","80.4616323932712","71.2038795200495","63.5617441879034","63.854938585177","65.8666958807328","63.6504436000445","58.1127990426789","57.6074506643138","59.6398077287642","59.4373539738197","60.8814226323736","54.3142129509203","51.6422850646717","52.5629623292502","50.9674174965718","55.6936690063737","50.2353764114863","51.0874131627356","50.7676419074837","48.5286112601649","49.6267172739271","48.6913489010359","50.015692169368","50.6073664757186","51.7381572167552","43.5150960914268","41.2352970849651","46.3503366306147","36.333110859596","35.0001210206098","32.1665687129312","32.4737178591291","33.3282478059193","32.2625954232374","29.5935292599958","29.1391917625371","29.0646277858576","28.8513793104193","27.7015897651036","27.6396540179107","26.9964349834816","","",
"Mexico","MEX","Fertilizer consumption (% of fertilizer production)","AG.CON.FERT.PT.ZS","","184.510756687307","154.828897338403","163.157894736842","153.390574846028","167.207337773851","160.040322580645","118.820912983974","119.530336152179","101.19657070883","92.7113164768662","97.9677414213538","97.0033649836036","99.762271958833","105.764593470024","124.286961414754","130.920824281068","119.532987854505","130.016809549872","130.609838798629","131.624679554316","140.170882609125","126.907820130768","113.332382413267","116.106013059742","112.184419713831","120.617656931856","110.54553119977","103.028597558831","89.4366197183099","103.225806451613","83.4011433280115","93.4860580816846","100.492393156998","100.414356224484","74.0356937248129","85.1670656812741","93.7503563893482","108.067800670819","121.294905067614","161.012480224996","200.019086425048","409.383770717344","517.949259697619","371.801606442948","399.125956891854","529.385080976045","410.770961964173","281.974808691878","299.814302490275","167.16549570884","187.764565272102","192.175604290703","175.43659358334","179.757394423025","166.993989009966","201.004566516503","208.291823403427","213.4797776424","226.854961782754","227.665812548072","298.730378645907","372.000438594787","","",
"Marshall Islands","MHL","Fertilizer consumption (% of fertilizer production)","AG.CON.FERT.PT.ZS","","","","","","","","","","","","","","","","","","","","","","","","","","","","","","","","","","","","","","","","","","","","","","","","","","","","","","","","","","","","","","","","","",
"Middle income","MIC","Fertilizer consumption (% of fertilizer production)","AG.CON.FERT.PT.ZS","","187.061630638405","172.034226209252","177.711514001731","171.356322014971","164.515577759472","169.543998786493","181.602471701823","213.930041503338","193.725046995831","189.417023867896","171.563614465538","167.117744724516","166.832239101074","154.849927036962","158.173909076665","153.950538391605","155.593389880471","152.524834066244","147.418869077018","143.719965416812","137.364318473682","136.384182611306","133.780313274715","135.057491773996","127.649206594894","125.945757677998","125.374250518969","126.363271777454","125.721508618358","128.509393254309","130.956016600767","118.010315634922","114.68795398122","118.647565835591","117.39101658253","117.306643302975","120.802095558374","119.493461709663","118.428171075287","116.462640858722","116.360156374994","119.920760126541","117.097861931582","119.088501759072","118.656092156925","121.961671959033","121.004556520944","118.660432595443","119.448829078519","114.624253730855","116.865806336092","114.549030673599","119.06877443846","115.059136496448","110.243863013615","115.317769840025","122.106736119064","124.171251897263","116.512438864414","127.329835233985","124.069332780346","120.303655837194","","",
"North Macedonia","MKD","Fertilizer consumption (% of fertilizer production)","AG.CON.FERT.PT.ZS","","","","","","","","","","","","","","","","","","","","","","","","","","","","","","","","","","100","305.047628908677","262.051245952414","310","345.925925925926","290.37037037037","300","399","","","","","","","","","","","","","","","","","","","","","","","","",
"Mali","MLI","Fertilizer consumption (% of fertilizer production)","AG.CON.FERT.PT.ZS","","","","","","","","","","","","","","","","","","","","","","","","","","","","","","","","","","","","","","","","","","","","","","","","","","","","","","","","","","","","","","","","","",
"Malta","MLT","Fertilizer consumption (% of fertilizer production)","AG.CON.FERT.PT.ZS","","","","","","","","","","","","","","","","","","","","","","","","","","","","","","","","","","","","","","","","","","","","","","","","","","","","","","","","","","","","","","","","","",
"Myanmar","MMR","Fertilizer consumption (% of fertilizer production)","AG.CON.FERT.PT.ZS","","","","","","","","","","","139.977039352","135.593063726245","130.513586956522","112.657608695652","103.134231905465","115.56362714871","92.2058028473599","116.91320754717","148.675335512134","151.136363636364","167.558528428094","209.333333333333","328.90625","266.166666666667","217.57225433526","168.771304347826","127.392729864576","92.1064610866373","88.5476673427992","94.1166477916195","107.442389758179","120.375362318841","150.565022421525","172.602","210.392441860465","274.880916030534","236.267663043478","316.976827094474","332.955426356589","248.969465648855","266.796368352789","346.739130434783","207.397058823529","338.513333333333","493.41","142.420426418863","176.083136513935","329.612360216541","166.679638694877","209.726765741347","441.97720973206","212.05144677671","175.168158561112","273.112807948406","336.362909276003","218.870772320665","566.412122925167","1861.0583764062","2374.9916605134","1211.38913093757","819.275159900911","467.703901731941","","","",
"Middle East, North Africa, Afghanistan & Pakistan (excluding high income)","MNA","Fertilizer consumption (% of fertilizer production)","AG.CON.FERT.PT.ZS","","159.184441961032","143.602704151611","153.258355463635","144.321854308063","122.935712576606","105.359130868747","118.334126684503","134.010901999201","138.554205269462","143.579259549295","136.091915431483","119.875966855321","129.928666787794","120.337792399497","147.477028992004","157.304729666949","137.195091730865","136.758795064199","136.620860549819","126.836877550025","131.954030952392","120.194286336981","97.444404779404","90.8379309534358","86.2831791562089","89.5018794901224","86.0413152522165","74.0672290585177","72.9680721403164","73.8407622856698","76.0846054298511","78.1567899450803","71.4950724963286","69.6197299050698","72.1930033283918","69.3341449096391","79.2624487325758","71.8730567336149","72.3449117885629","71.8857495396856","67.5612559719817","69.0119688488086","68.9217478756006","72.2103058912921","76.7091546705006","78.325939822776","69.4639771664902","65.8551981036279","70.9448975945887","56.9334375222629","54.9011692119499","52.7095114861842","58.386417077679","56.2967639286789","55.5454094065568","50.7726758238655","46.5615019048889","46.3438611671442","43.6455704616442","43.0063535773374","43.1530404732252","40.4409235630456","","",
"Montenegro","MNE","Fertilizer consumption (% of fertilizer production)","AG.CON.FERT.PT.ZS","","","","","","","","","","","","","","","","","","","","","","","","","","","","","","","","","","","","","","","","","","","","","","","","","","","","","","","","","","","","","","","","","",
"Mongolia","MNG","Fertilizer consumption (% of fertilizer production)","AG.CON.FERT.PT.ZS","","","","","","","","","","","","","","","","","","","","","","","","","","","","","","","","","","","","","","","","","","","","","","","","","","","","","","","","","","","","","","","","","",
"Northern Mariana Islands","MNP","Fertilizer consumption (% of fertilizer production)","AG.CON.FERT.PT.ZS","","","","","","","","","","","","","","","","","","","","","","","","","","","","","","","","","","","","","","","","","","","","","","","","","","","","","","","","","","","","","","","","","",
"Mozambique","MOZ","Fertilizer consumption (% of fertilizer production)","AG.CON.FERT.PT.ZS","","","","","","","","","4994.16666666667","6752.77777777778","843.830334190231","363.161737860533","127.049180327869","139.56043956044","178.538461538462","151.282051282051","200","198.630136986301","300","412.068965517241","372.972972972973","811.764705882353","1376.92307692308","2100","","","","","","","","","","","","","","","","","","","","","","","","","","","","","","","","","","","","","","","","","",
"Mauritania","MRT","Fertilizer consumption (% of fertilizer production)","AG.CON.FERT.PT.ZS","","","","","","","","","","","","","","","","","","","","","","","","","","","","","","","","","","","","","","","","","","","","","","","","","","","","","","","","","","","","","","","","","",
"Mauritius","MUS","Fertilizer consumption (% of fertilizer production)","AG.CON.FERT.PT.ZS","","","","","","","","","","","","","","","2691.4","619.025641025641","347.468047241547","297.602272727273","306.903614457831","347.240506329114","310.011627906977","268.652226233454","321.841245918111","300.47582162222","346.88301693176","303.790182450043","251.076495684096","288.062450662223","248.384256405741","341.111111111111","231.590814196242","222.217745184946","182.314694408322","205.866054464851","189.686972334069","204.429487179487","233.026559604694","233.614971021577","229.868055555556","284.677419354839","223.214285714286","196.219931271478","185.196078431373","306.454238864984","1030.76626877166","","","","","","","","","","","","","","","","","","","","",
"Malawi","MWI","Fertilizer consumption (% of fertilizer production)","AG.CON.FERT.PT.ZS","","","","","","","","","","","","","","","","","","","","","","","","","","","","","","","","","","","","","","","","","","","","","","","83233.5616438356","96273.8461538462","66100.5494505495","59977.7777777778","","","","","","","","","","","","","","","",
"Malaysia","MYS","Fertilizer consumption (% of fertilizer production)","AG.CON.FERT.PT.ZS","","","","","","","","731.25","676.666666666667","490.735483870968","742.203846153846","402.96","534.54","578.88961038961","611.178378378378","729.470588235294","711.538095238095","744.418604651163","985.561497326203","1167.74193548387","1286.93181818182","2000.5","1109.77443609023","1044.58598726115","1418.85964912281","907.423580786026","274.979114452799","240.850515463918","305.896551724138","293.813754524515","341.917293233083","323.478858714335","277.429557216791","301.726660813579","407.069996482589","376.551724137931","390","540.353905912818","444.093493367025","331.613226452906","202.535367308676","194.281271477663","206.563979794335","229.229621280433","372.503924393225","265.105903748358","287.948125615649","340.508700322234","306.026088622355","180.59362770847","334.185697779383","307.493590369286","293.836591350397","289.197053701016","367.894818290735","295.379992449981","340.036872419488","223.29300645682","215.594064714534","136.604961306965","146.695349642538","198.034587801609","148.624490616622","","",
"North America","NAC","Fertilizer consumption (% of fertilizer production)","AG.CON.FERT.PT.ZS","","90.871312870942","89.3742819213093","85.988996221831","83.6279573229366","79.4117248524491","81.0380979996989","80.1129484566841","80.932638613955","77.7977295103824","79.0997518756213","77.1687515577419","77.6974233050415","75.3632741818301","73.1842657647757","78.3049010937768","78.4887687639313","75.9706766818452","72.8526393373484","70.6786818918023","70.0024456361281","79.7170717885945","75.5679902312831","70.0274819326379","67.7449045176479","73.9411494705755","62.7000400112312","58.7234117096601","56.881040008235","60.9159177677868","59.9693498197394","58.0028113234204","58.4560569624921","60.8344948863697","56.63064504657","58.8803515598446","58.3455878861068","61.5491759694871","61.3441492796488","67.1640100693875","68.9404566063334","70.8760682167771","74.9039468811489","82.348426287057","74.2285865791402","79.5524993814193","79.5285750273976","73.0480517496535","75.3046591865181","88.6385400867647","77.6032276100735","82.041822834765","85.1679467244869","81.8025820013433","77.1523397683917","75.69622867859","74.093944600715","69.9527418154155","67.2600739794599","67.7034552650686","69.6167521322161","69.9057871922828","66.0079514905422","","",
"Namibia","NAM","Fertilizer consumption (% of fertilizer production)","AG.CON.FERT.PT.ZS","","","","","","","","","","","","","","","","","","","","","","","","","","","","","","","","","","","","","","","","","","","","","","","","","","","","","","","","","","","","","","","","","",
"New Caledonia","NCL","Fertilizer consumption (% of fertilizer production)","AG.CON.FERT.PT.ZS","","","","","","","","","","","","","","","","","","","","","","","","","","","","","","","","","","","","","","","","","","","","","","","","","","","","","","","","","","","","","","","","","",
"Niger","NER","Fertilizer consumption (% of fertilizer production)","AG.CON.FERT.PT.ZS","","","","","","","","","","","","","","","","","","","","","","","","","","","","","","","","","","","","","","","","","","","","","","","","","","","","","","","","","","","","","","","","","",
"Nigeria","NGA","Fertilizer consumption (% of fertilizer production)","AG.CON.FERT.PT.ZS","","","","","","","","","","","","","","","","5430","2633.33333333333","1804.87804878049","1830.76923076923","1900","3344.23076923077","2244.21052631579","3042.85714285714","6178.57142857143","5324","4452","907.067137809187","182.531055900621","102.911392405063","114.25431711146","122.216117216117","134.714375392342","118.534482758621","139.69696969697","187.698161065314","131.749460043197","140.145395799677","298.051948051948","200.245398773006","239.571428571429","","","","","","","","","","213.507755133099","1086.44940428055","311.230782108876","171.866428753505","283.905444444444","413.124923273657","221.86128621581","121.314951517047","112.328853087054","94.7397487229049","65.5182438216209","114.840451470385","106.752625938201","20.3826405686613","","",
"Nicaragua","NIC","Fertilizer consumption (% of fertilizer production)","AG.CON.FERT.PT.ZS","","","","","","","","","","","","","","","","","","","","","","","","","","","","","","","","","","","","","","","","","","","","","","","","","","","","","","","","","","","","","","","","","",
"Netherlands","NLD","Fertilizer consumption (% of fertilizer production)","AG.CON.FERT.PT.ZS","","75.7736943907157","84.0463541683507","83.3233622494765","74.1735173764179","73.4900938654773","64.8841044156212","52.4124495250269","46.2585947790635","52.3245157701177","52.6838640505362","45.0583375867644","38.5006295838893","40.5314774332436","38.1104421988103","47.4544921693935","40.4576425685121","36.0950463835724","32.6465506263918","35.1170331591842","34.8026705531948","37.1233479658819","34.4035953102204","32.6996984950633","33.3238505494669","36.410771144847","33.6767234709063","30.3886870039208","28.9223511698032","26.6556439380158","24.4483209768862","24.9790192969014","25.866843046053","24.9879167749824","25.0704225352113","27.6771857216761","29.5417040358744","25.5533199195171","25.6478053939714","31.6958277254374","31.5471698113208","35.0463352990733","24.6955509255126","25.0439112931963","23.0083941851792","21.5775209219214","22.1193850535075","19.2938671307056","17.6879395456508","16.7089602821378","18.6031410534307","15.6043665981636","16.6221706852986","13.0819557933535","13.0031844431693","12.9359420156333","13.0009612420444","17.749116399623","17.9195622960261","16.9997543751919","16.8720407915503","16.6368240864392","15.0301948524948","","",
"Norway","NOR","Fertilizer consumption (% of fertilizer production)","AG.CON.FERT.PT.ZS","","44.0011908306044","44.0375364580593","41.4998276574303","41.6369199388067","39.8309065288868","39.2041441017189","40.3251298261459","39.3492407809111","41.925862803579","41.8296529968454","42.1988682295877","37.4833681809542","36.2129144851658","44.9082125603865","48.8718603661132","48.1938135409907","51.9047619047619","43.9082819986311","44.6467345916152","45.4593267882188","44.0944881889764","41.024814695456","38.9869181624582","38.5932150638033","40.7949790794979","43.9088191330344","38.6195286195286","33.6374884008661","29.3272551457384","28.0914086583568","31.4472012102874","29.1393767705382","27.8108108108108","27.3809523809524","25.2707581227437","24.3023255813953","25.4342431761787","30.2710843373494","26.2251655629139","22.2863741339492","21.6023284313725","24.4563751267233","25.7636305315972","24.431564293098","26.4937441807696","22.6228268534723","22.3044543298946","21.8894772848325","27.2845561289778","16.944120426429","19.5785752348474","18.1976348626605","16.3374583313464","17.1591860653413","17.5503715983296","18.7706039130669","17.2259993284482","18.0259500347884","17.8341888924427","16.9213349476553","18.4292303402951","17.7058498116367","","",
"Nepal","NPL","Fertilizer consumption (% of fertilizer production)","AG.CON.FERT.PT.ZS","","","","","","","","","","","","","","","","","","","","","","","","129.065743944637","","","","","","","","","","","","","","","","","","","","","","","","","","","","","","","","","","","","","","","","","",
"Nauru","NRU","Fertilizer consumption (% of fertilizer production)","AG.CON.FERT.PT.ZS","","","","","","","","","","","","","","","","","","","","","","","","","","","","","","","","","","","","","","","","","","","","","","","","","","","","","","","","","","","","","","","","","",
"New Zealand","NZL","Fertilizer consumption (% of fertilizer production)","AG.CON.FERT.PT.ZS","","146.984568694767","124.65742705109","128.544703550723","149.747036879787","137.523228392701","137.363742461902","127.501875095532","129.065062639289","134.66963600341","139.57715399052","138.629765367973","127.26024501082","156.436061985247","152.718837075685","139.534732671552","139.317426328671","140.49557682346","145.81520380095","133.081607795371","134.31712962963","137.604042806183","137.815680473373","125.897921070656","144.53781512605","127.083333333333","139.130434782609","132.05035971223","143.320425943853","146.512539184953","148.785776235906","158.474882544272","175.938117182357","206.615257595773","197.256097560976","210.809141445337","212.903225806452","184.529914529915","187.659574468085","169.267139479905","164.892753670235","199.306569343066","189.135130415258","204.433561569916","259.434033038002","311.233392990111","342.226788532351","201.826760193447","280.758751782037","195.15501400438","194.053274139845","231.516606060606","239.5115625","211.717430673458","247.01052939456","284.950133511348","295.142340425532","298.983678929766","339.595943952802","341.08104283054","318.802393971258","312.004328776726","305.159470732562","","",
"OECD members","OED","Fertilizer consumption (% of fertilizer production)","AG.CON.FERT.PT.ZS","","88.6011812820643","89.7893534925747","87.573197873133","85.2122262135168","82.850297668291","83.4847720202949","83.9821781304396","83.559650660714","83.6863636811609","84.9734086933357","85.7443664928534","85.4522315353326","86.4119328523251","79.7120409334047","88.6496008004926","88.8104768714361","86.3136970661838","85.4726306172927","83.4628837759569","81.2427922918761","88.1142117647111","87.1360803941898","83.8010271630544","81.2099138655682","86.0774763339501","82.2989785851268","78.7104981885619","77.6027652513585","80.828793866037","78.1357546461609","76.3932519282499","76.5927580611293","80.1119819495615","77.4377380576846","77.6440872094414","78.1271992126835","80.1619763930521","81.1794902740038","86.7702943403265","89.1825875850085","90.1541689380441","90.265078529834","94.7164140779121","88.7286127834298","90.6909527737341","90.4249522142922","86.3386233960364","82.9771446319149","94.718895584722","86.0348570406562","88.2559581289106","91.5708463448051","90.7288405504117","89.7581942527621","87.3255081039667","88.3717343060198","86.1088379341944","82.45897970233","83.0241463375135","84.7551821642755","84.0488993129276","84.2172953369377","","",
"Oman","OMN","Fertilizer consumption (% of fertilizer production)","AG.CON.FERT.PT.ZS","","","","","","","","","","","","","","","","","","","","","","","","","","","","","","","","","","","","","","","","","","","24781.7751235585","30056.0964083176","29759.3789078783","4.43205791177711","2.43127994690652","1.93828151782137","2.82413612410272","1.42280961134716","1.23413766627999","1.36885297882316","1.29074511356258","1.07995181797523","2.71591194164785","1.68329794679492","1.97544818747737","1.52839060607132","1.53390561874148","4.16966306505596","2.23558893666441","1.85901453516393","3.0297987405984","","",
"Other small states","OSS","Fertilizer consumption (% of fertilizer production)","AG.CON.FERT.PT.ZS","","","","","","","","","","","","","","","","","","","","","386.585118262105","","","","","","231.740393929609","220.384284485231","","","","","177.761418771959","287.619888944977","","","","118.261622700782","","130.470366595633","140.563604187288","141.151161502382","184.713375796178","198.241742763915","125.601896008555","80.6159330593652","78.3975842979366","86.1376484622167","97.1487738419619","960.895339329518","13223.3009708738","37669.3486590038","42260.7613636364","30626.301369863","50460.988420182","101467.147314276","108275.445063837","48051.726502622","47524.1684976134","49483.5025380711","49822.5320100008","53768.7286915675","45296.6171679673","","",
"Pakistan","PAK","Fertilizer consumption (% of fertilizer production)","AG.CON.FERT.PT.ZS","","274.687255668491","97.1856793835745","146.856306752163","171.698113207547","145.124562487132","212.269146815982","361.258133667217","461.053841659914","230.02474340861","212.398659036876","173.16485997579","155.169532208453","133.073803945155","130.621241377617","169.331967714321","194.832449648481","220.947498783125","241.767059444249","219.967490116594","169.325492041088","138.097789736592","127.760003614156","108.850698135173","112.090029565552","128.154224134349","147.08705507031","143.90607706613","143.388194367161","149.839745495394","154.593417219506","162.031772841298","161.247132269921","129.413828503981","127.776464392299","140.820233218163","136.939242259148","153.898691938608","136.700763398446","125.204401820834","128.93889275766","130.403107229535","131.929127052723","130.305346133015","129.674557492732","133.831467366353","136.231772705766","130.057379202732","121.657676541249","143.176325753552","129.851730860829","126.213899168728","134.233940512572","141.21382488133","132.726246297047","119.90701555154","119.082303557424","131.631586687149","131.631586687149","124.448134116457","121.145921159491","122.732383729851","107.061655282636","","",
"Panama","PAN","Fertilizer consumption (% of fertilizer production)","AG.CON.FERT.PT.ZS","","","","","","","","","","","","","","","","","","","","","","","","","","","","","","","","","","","","","","","","","","","","","","","","","","","","","","","","","","","","","","","","","",
"Peru","PER","Fertilizer consumption (% of fertilizer production)","AG.CON.FERT.PT.ZS","","123.68257317535","143.148145805129","136.111111111111","125.472537750223","134.456577104291","159.701492537313","250.159744408946","175.445595854922","204.535084860488","321.75572519084","286.250261999581","460.470125845584","405.178356380549","548.411503570739","280.417964972601","218.764212741404","190.440291155867","181.878560400362","165.818366799022","151.914198634277","146.28402012059","122.942605907258","235.956307173808","129.6733706336","101.167059706292","198.412698412698","331.203667995029","260.62010308087","378.849841847027","282.346629469675","329.036186499652","592.441176470588","1134.07195421096","1115.14919663351","907.100591715976","1235.33333333333","1535","3968.75","6454.72972972973","7640.32451923077","11382.0484980094","","","","","","","","","","","","","","","","","","","","","","","",
"Philippines","PHL","Fertilizer consumption (% of fertilizer production)","AG.CON.FERT.PT.ZS","","560.618702770781","695.127518891688","715.384615384615","534.545454545455","592.670157068063","287.837837837838","180.808328230251","181.87427312236","219.731989314183","226.739559262808","208.27517447657","198.765432098765","273.463926467322","298.445037409093","243.193997856377","338.413098236776","388.012745112636","380.868141668601","460.699865410498","470.422535211268","403.470302341728","950.233709100907","760.873751857822","886.056484304332","142.917527331352","103.670212765957","152.8446458353","154.604434501463","167.850707688824","170.319698288367","130.673475342865","155.268817204301","165.106569343066","160.512937086314","124.733870144055","139.278767360225","188.134131257614","166.581577880096","198.441843960278","230.662705839499","217.434192219934","171.270271010742","257.573698045167","323.47743883823","288.096919150689","291.785163780291","332.58613204941","755.740346891058","1197.14849000807","7391.17782484575","377.163631499494","228.194691121692","647.399506653491","646.557286306566","893.737141541349","714.988055567306","652.885158256528","366.21123428811","1403.63254077089","634.156607196609","329.546735569011","198.603750140797","","",
"Palau","PLW","Fertilizer consumption (% of fertilizer production)","AG.CON.FERT.PT.ZS","","","","","","","","","","","","","","","","","","","","","","","","","","","","","","","","","","","","","","","","","","","","","","","","","","","","","","","","","","","","","","","","","",
"Papua New Guinea","PNG","Fertilizer consumption (% of fertilizer production)","AG.CON.FERT.PT.ZS","","","","","","","","","","","","","","","","","","","","","","","","","","","","","","","","","","","","","","","","","","","","","","","","","","","","","","","","","","","","","","","","","",
"Poland","POL","Fertilizer consumption (% of fertilizer production)","AG.CON.FERT.PT.ZS","","172.638524672592","160.32861636867","164.712784299064","164.290581314047","176.240038634743","191.367439159392","187.79699198712","173.612122352148","164.220513946251","157.858029840705","161.682274904652","159.483352492467","153.401501173121","151.718002491339","149.12097709378","144.812015987505","144.963868675209","142.878846868671","157.579420338613","164.068544032502","156.366374282125","146.501148576112","154.724066269103","146.612778149003","159.285545922356","147.479869123184","131.827241134872","132.640552608765","128.487345931441","90.3834877448106","72.4888162268015","80.4987383669465","87.1508672284376","84.9031948925474","72.9660097937064","80.205175879397","83.7124569177745","75.744722249246","83.3015006821282","83.744685263922","77.2562308755003","71.5767045454545","66.3707037643208","62.5345622119816","74.3608169440242","75.7378939277479","75.6890459363958","74.1953125","89.6406882591093","79.6738687321647","71.5186028853455","71.9511292114032","77.0421974522293","67.2848270875303","66.0748492713255","72.1429823369709","70.2190295396031","66.0297948446581","67.2640793339019","58.9478909508339","58.7364428884062","72.0027551777227","","",
"Pre-demographic dividend","PRE","Fertilizer consumption (% of fertilizer production)","AG.CON.FERT.PT.ZS","","1850","1042.25352112676","972.773279352227","557.682926829268","506.928571428571","690.965013456363","629.474727452924","140.160519544173","103.846358744872","225.448988295503","220.857191839534","144.696261006259","167.979743430371","188.23405680809","294.571406056069","304.116095434382","177.361964987466","123.926057790119","88.8556086506725","111.109113637219","401.394581318597","553.497376841979","198.613229010015","182.251217082649","130.424266675118","125.753161067479","107.738994827825","65.6998746237477","61.8613595363298","90.3876065451378","138.357752714241","122.609248899486","137.128450106157","147.730444569499","117.906815556411","121.526813271605","133.435715818845","127.984627209839","142.287761364928","124.251521045993","93.0563075257174","156.509191481931","483.687737903047","346.804827819921","369.687628640441","352.969390597002","373.530595989445","318.468561791112","338.903695708525","605.408361712312","445.937591140165","319.107939062374","297.752102007527","358.52064550243","409.177742989627","302.904015344431","352.121012314247","331.247495930625","322.487636735879","401.221983731459","363.627919438162","170.005931307958","","",
"Puerto Rico (US)","PRI","Fertilizer consumption (% of fertilizer production)","AG.CON.FERT.PT.ZS","","","","","","","","","","","","","","","","","","","","","","","","","","","","","","","","","","","","","","","","","","","","","","","","","","","","","","","","","","","","","","","","","",
"Korea, Dem. People's Rep.","PRK","Fertilizer consumption (% of fertilizer production)","AG.CON.FERT.PT.ZS","","100","100","100","100","100","102.762430939227","107.772020725389","122.549019607843","111.106194690265","105.958904109589","106.320754716981","107.820895522388","115.700934579439","114.710743801653","115.68","110.764587525151","107.689594356261","114.947526236882","110.664697193501","107.235294117647","107.684931506849","103.133704735376","102.005420054201","101.595744680851","110.37908496732","97.2072072072072","94.7395171537484","101.129234629862","102.220828105395","104.44165621079","101.76913425345","99.0506329113924","96.9620253164557","96.7065868263473","109.684210526316","101.086956521739","185.978260869565","191.707317073171","243.269230769231","512","649.884526558891","563.127272727273","468.25","239.067164179105","216.322537313433","238.288815384615","187.306892307692","181.394430769231","208.072507692308","272.249138461538","326.862061538461","257.519769230769","272.459092307692","222.240415384615","183.374615384615","240.969569230769","232.057076923077","317.776030769231","472.443244444444","","","","","",
"Portugal","PRT","Fertilizer consumption (% of fertilizer production)","AG.CON.FERT.PT.ZS","","100.919555341309","94.8664256744842","95.6485582461176","97.4312025418709","85.4418384269131","74.1084933831204","90.9057609735252","81.291193876498","99.9713710314326","85.7626893436088","73.4972993508531","96.1353730092204","93.2389763779528","76.5964659213848","85.739313244569","89.7134037685109","88.2995003531535","84.859229720378","85.677417346367","94.6348700558365","99.9712637406607","111.188229718668","119.678280468246","105.350194552529","98.6530612244898","114.249363867684","111.328280813722","134.046426945835","118.820468343452","125.631768953069","184.285714285714","172.857142857143","155.27950310559","160","135.555555555556","134.375","118.592964824121","128.571428571429","133.14606741573","122.346368715084","113.599126160568","80.714297771679","80.409490083651","79.6115723930676","81.1442170338621","88.1598357910783","124.896217498818","97.0989060412031","154.053607561269","106.068073713957","82.9940401693089","100.172640343175","143.233367800065","129.967593941204","122.241916307342","115.937058718842","110.62699709224","148.28651379486","155.079562701113","148.974838326471","146.171712420887","91.8236713114444","","",
"Paraguay","PRY","Fertilizer consumption (% of fertilizer production)","AG.CON.FERT.PT.ZS","","","","","","","","","","","","","","","","","","","","","","","","","","","","","","","","","","","","","","","","","","","","","","","","","","","","","","","","","","","","","","","","","",
"West Bank and Gaza","PSE","Fertilizer consumption (% of fertilizer production)","AG.CON.FERT.PT.ZS","","","","","","","","","","","","","","","","","","","","","","","","","","","","","","","","","","","","","","","","","","","","","","","","","","","","","","","","","","","","","","","","","",
"Pacific island small states","PSS","Fertilizer consumption (% of fertilizer production)","AG.CON.FERT.PT.ZS","","","","","","","","","","","","","","","","","","","","","","","","","","","","","","","","","","","","","","","","","","","","","","","","","","","","","","","","","","","","","","","","","",
"Post-demographic dividend","PST","Fertilizer consumption (% of fertilizer production)","AG.CON.FERT.PT.ZS","","86.8210759623914","88.2532601354932","85.8374186834934","83.8087851770611","81.3741907385801","81.500358867963","82.0062813489676","81.5255303797647","81.379246173661","82.7361997802983","82.9335883882685","82.4174814177016","83.0828058019102","76.4689829770049","84.9631017546826","84.7731469347931","82.0809157862787","81.002761112569","79.3930996531565","77.784767307569","85.5346817578941","84.6190290308577","80.8488199008005","78.468519848116","83.5054891884795","79.1784713827019","75.6572006898594","74.7030941161933","78.1927103387576","76.4872572865532","74.886494183878","71.8454956204575","74.141421682907","71.2714596931246","71.7609057725942","71.7732416087989","73.3480444613742","73.9510739413437","77.6299704096379","78.890036673266","79.9205694281902","80.2257636926568","83.401473817445","77.9061818971921","77.6282083474586","78.07223568767","75.0310075399951","73.3522279806051","85.2129880991356","77.2216676754998","79.2400286463722","81.8849403097107","82.7826238066137","79.9785784678395","77.4752919243144","77.3479332722392","75.1964301157572","73.3954195229454","72.6657216397012","75.7006164568004","75.403238640026","72.2186220705795","","",
"French Polynesia","PYF","Fertilizer consumption (% of fertilizer production)","AG.CON.FERT.PT.ZS","","","","","","","","","","","","","","","","","","","","","","","","","","","","","","","","","","","","","","","","","","","","","","","","","","","","","","","","","","","","","","","","","",
"Qatar","QAT","Fertilizer consumption (% of fertilizer production)","AG.CON.FERT.PT.ZS","","","","","","","","","","","","","","","","0.229885057471264","0.315126050420168","0.395256916996047","0.398076923076923","0.26246719160105","0.279622509612024","0.31758034026465","0.249425664588119","0.26582162036993","0.178296410377917","0.169506385714703","0.145530750647612","0.148106897634437","0.167224080267559","0.321139346551243","0.394166338194718","0.408274360370169","0.394826197507857","0.526870389884089","1.5205271160669","1.4720314033366","0.292780414688983","0.173285735534732","0.130378096479791","0.105657985102224","0.0668074076053553","0.116640746500778","0.189182895161876","0.122116225338628","0.0971060456281887","0.0729794898441742","0.0747305962006965","0.0733438948541923","0.333667000333667","0.0812135626649651","0.332225913621262","0.1486667297374","0.104996897818928","0.156794425087108","0.14806439455123","0.0814863102998696","0.119357148848042","0.14386189258312","0.194779018747507","0.180484910006637","0.196987184436038","0.194744846753648","0.194744846753648","","",
"Romania","ROU","Fertilizer consumption (% of fertilizer production)","AG.CON.FERT.PT.ZS","","31.4176974310181","77.9795782361908","101.566012491265","85.8625469667676","90.9923080075963","80.2197697377834","82.077126797707","80.4251279566109","75.2530578110185","66.6933754389272","59.113392440504","53.8504777017728","70.2880658436214","66.5534682080925","70.5542452830189","62.7412280701754","58.5847589424572","62.1065883340327","58.4797711483449","51.0985797827903","63.7258763292635","60.6961566352429","58.2507082152975","57.2724219012429","52.4130948363145","51.5241635687732","53.3384497313891","51.7175572519084","51.3661609572446","72.91040288635","42.5551470588235","41.1306235714918","47.9602933385383","33.009037117299","25.5196629213483","29.0633608815427","39.3996247654784","87.7458101375659","37.6848465574813","31.4267034903297","41.3697528679768","39.0099282296651","46.1183959261617","37.7587440381558","36.1677510386454","34.5999237223494","36.5643059490085","41.5433194154489","43.5215970591239","65.238346499202","72.8788465953889","61.7309782258242","66.5636335227598","58.962495081776","111.438755115583","129.335966478095","125.459063076887","135.91128688525","84.805893987626","57.3938182729221","123.906216831917","909.301596590766","","",
"Russian Federation","RUS","Fertilizer consumption (% of fertilizer production)","AG.CON.FERT.PT.ZS","","","","","","","","","","","","","","","","","","","","","","","","","","","","","","","","","44.8726301387713","38.7237551283083","18.0985712915908","18.2234718317193","17.3760035191906","16.5762991006021","13.6148211977596","12.3356083059158","12.3610470329135","12.7870238874084","10.4636162524888","9.5963851134989","8.82947208507406","8.63987486463723","9.36276687646551","10.0237750911089","11.9274029261065","17.7418912507763","11.3705776265561","11.4429137974056","11.8287849096993","10.0918067990174","9.80693179744063","10.0617507631977","10.9182980481057","10.9580584124677","11.0272238311957","11.5942312073373","12.3673018026516","12.6633670859253","14.5647319439317","","",
"Rwanda","RWA","Fertilizer consumption (% of fertilizer production)","AG.CON.FERT.PT.ZS","","","","","","","","","","","","","","","","","","","","","","","","","","","","","","","","","","","","","","","","","","","","","","","","","","","","","","","","","","","","","","","","","",
"South Asia","SAS","Fertilizer consumption (% of fertilizer production)","AG.CON.FERT.PT.ZS","","158.616414688724","152.286522388534","159.104997490923","199.916925257165","210.355256624385","236.345920099649","247.858712953839","229.000898258995","211.651719313157","210.366866561065","219.789633321726","199.72553028713","200.818629080513","172.756173399851","187.226369113478","146.704810995186","165.306996277969","175.39411021821","181.589802840835","189.512011881709","151.623625659493","135.028139142215","146.55500826363","154.145890238605","151.28175996645","138.113564621972","118.158158487975","120.291281679115","133.459152579946","134.051512128748","130.107749662049","124.138022187828","132.642067065493","129.422594618397","123.258754685656","129.209108297304","124.348722825552","123.539771567604","127.548438276966","115.253683526415","120.444819538402","116.669385801341","122.305250186984","124.29883811404","136.447955758621","155.698108724303","173.168790540654","192.668058869521","185.731560736707","177.653946170926","180.288182234819","168.785279790465","158.47042071719","165.666471881583","160.137214388484","154.063968221961","156.605721167809","164.507516481606","168.162740061039","188.463034333368","175.151020341415","156.710938845758","","",
"Saudi Arabia","SAU","Fertilizer consumption (% of fertilizer production)","AG.CON.FERT.PT.ZS","","","","","","","","","","","20.4347826086957","7.22835829526398","3.64347826086957","13.9077429983526","9.9317617866005","9.3167701863354","8.45199324886491","8.62931034482759","11.9267647545049","15.9338181818182","26.95","42.4820415879017","59.1311166875784","80.7934660157717","65.8915275768376","81.5202815758183","94.462682798044","100.568634697849","108.505592948334","113.678804855275","86.1674008810573","63.6591478696742","60.1048990068073","47.2530896250909","30.0400534045394","24.6999478170117","26.5627618568795","29.1579616677264","27.1225445878195","28.2565236332841","26.8649656362169","25.6421221435253","23.5687847405822","24.1966117146547","26.0002606542421","21.0472858593838","20.969525435576","17.1502796001937","11.7327293318233","10.7879924953096","10.7685256464453","11.6570723684211","10.1912928759894","8.2436672973053","9.47770433859851","8.78120974593691","8.0517228187406","7.30046375396632","7.09414013640762","7.07300954334872","7.93347895627545","7.40004108575688","5.04901120137262","","",
"Sudan","SDN","Fertilizer consumption (% of fertilizer production)","AG.CON.FERT.PT.ZS","","","","","","","","","","","","","","","","","","","","","","","","","","","","","","","","","","","","","","","","","","","","","","","","","","","","","","","","","","","","","","","","","",
"Senegal","SEN","Fertilizer consumption (% of fertilizer production)","AG.CON.FERT.PT.ZS","","","","","","","","623.537735849057","111.011687363039","54.2558486809358","36.6367339381596","52.8849902534113","51.1029291974846","79.1278113000548","136.749116607774","165.156794425087","133","155.973960941412","93.524798643493","87.8787878787879","62.1794871794872","80.4635761589404","96.8421052631579","97.3821989528796","45.5696202531646","34.375","43.9359267734554","37.0588235294118","49.2631578947368","32.9161118508655","18.0936248845088","22.7164069009794","29.3103448275862","38.7096774193548","42.3895253682488","23.7536656891496","35.8803986710963","26.8149882903981","24.0827845719661","54.3884892086331","73.7451737451737","51.6407599309154","82.1301369863014","54.5182566124975","70.4544189412354","68.6048580834594","133.659930598081","32.184391938115","90.5015197568389","1660.13605442177","1360.17106325413","488.505560217075","549.069206750721","759.569871034162","543.745694321425","334.593935460776","279.550984008594","129.718767348054","98.7015106145832","262.283136209208","399.863926069135","131.792608475953","803.966040656478","","",
"Singapore","SGP","Fertilizer consumption (% of fertilizer production)","AG.CON.FERT.PT.ZS","","","","","","","","","","","","","","","","","","","","","","","","","","","","","","","","","","","","","","","","","","","","","","","","","","","","","","","","","","","","","","","","","",
"Solomon Islands","SLB","Fertilizer consumption (% of fertilizer production)","AG.CON.FERT.PT.ZS","","","","","","","","","","","","","","","","","","","","","","","","","","","","","","","","","","","","","","","","","","","","","","","","","","","","","","","","","","","","","","","","","",
"Sierra Leone","SLE","Fertilizer consumption (% of fertilizer production)","AG.CON.FERT.PT.ZS","","","","","","","","","","","","","","","","","","","","","","","","","","","","","","","","","","","","","","","","","","","","","","","","","","","","","","","","","","","","","","","","","",
"El Salvador","SLV","Fertilizer consumption (% of fertilizer production)","AG.CON.FERT.PT.ZS","","","","","1735.2","867.8","664.4375","910.42","766.666666666667","568.421052631579","649.87","878.260869565217","1657.89473684211","998.181818181818","1146.51162790698","1219.48051948052","1227.28473639966","623.698362980911","392.642140468227","439.411764705882","","","","","","","","2172.76785714286","1240.01275510204","1395.34717251253","663.143895735438","833.813878429263","453.944898577051","","","","","","","","","","","","","","","","","","","","","","","","","","","","","","","","",
"San Marino","SMR","Fertilizer consumption (% of fertilizer production)","AG.CON.FERT.PT.ZS","","","","","","","","","","","","","","","","","","","","","","","","","","","","","","","","","","","","","","","","","","","","","","","","","","","","","","","","","","","","","","","","","",
"Somalia","SOM","Fertilizer consumption (% of fertilizer production)","AG.CON.FERT.PT.ZS","","","","","","","","","","","","","","","","","","","","","","","","","193","18.75","","","","","","","","","","","","","","","","","","","","","","","","","","","","","","","","","","","","","","","",
"Serbia","SRB","Fertilizer consumption (% of fertilizer production)","AG.CON.FERT.PT.ZS","","","","","","","","","","","","","","","","","","","","","","","","","","","","","","","","","","","","","","","","","","","","","","","296.966750358396","269.673400283463","304.34178720533","288.895914605951","189.41522723087","175.563260867562","236.398337843923","210.94299351224","222.011850538745","257.009283654286","346.465066853038","261.392338095571","149.189566010951","155.800961237824","280.490080327071","137.444951706662","212.859307045487","","",
"Sub-Saharan Africa (excluding high income)","SSA","Fertilizer consumption (% of fertilizer production)","AG.CON.FERT.PT.ZS","","158.829084602409","146.989615813178","146.703323399845","170.154236626318","167.498387674669","157.522165270805","123.831911961493","131.894076060983","104.731388307976","116.287374296074","122.311385957495","122.815642371575","125.2435462004","126.983025926519","135.140041254961","136.135650203083","133.729676815545","124.576217692696","134.535953910714","148.968015515832","165.731507652006","177.972189455891","156.522420035832","132.174499089565","137.988851819458","142.695368646384","127.464830725106","111.939109179473","118.451809409876","114.725884076167","119.678962719447","111.331121637955","127.827983129373","126.723523835699","107.143395564905","108.835576260956","110.252004222342","113.477244221466","118.895459553257","139.90613341033","144.480736396704","202.376312482547","190.941681415104","221.002882913389","240.880273633114","274.093808886967","223.23592370446","263.321144929234","285.18087496311","342.380107390444","337.997285174217","246.385692950648","328.179684473194","298.017718217157","362.64951462375","309.565497788664","350.153187134961","343.064147959095","368.910588130761","424.104630416354","402.427941674815","215.361508427085","","",
"South Sudan","SSD","Fertilizer consumption (% of fertilizer production)","AG.CON.FERT.PT.ZS","","","","","","","","","","","","","","","","","","","","","","","","","","","","","","","","","","","","","","","","","","","","","","","","","","","","","","","","","","","","","","","","","",
"Sub-Saharan Africa","SSF","Fertilizer consumption (% of fertilizer production)","AG.CON.FERT.PT.ZS","","158.829084602409","146.989615813178","146.703323399845","170.154236626318","167.498387674669","157.522165270805","123.831911961493","131.894076060983","104.731388307976","116.287374296074","122.311385957495","122.815642371575","125.2435462004","126.983025926519","135.140041254961","136.135650203083","133.729676815545","124.576217692696","134.535953910714","148.968015515832","165.731507652006","177.972189455891","156.522420035832","132.174499089565","137.988851819458","142.695368646384","127.464830725106","111.939109179473","118.451809409876","114.725884076167","119.678962719447","111.331121637955","127.827983129373","126.723523835699","107.143395564905","108.835576260956","110.252004222342","113.477244221466","118.895459553257","139.90613341033","144.480736396704","202.376312482547","190.941681415104","221.004576028567","240.886487583066","274.096021076129","223.241034149699","263.328518696838","285.1913146129","342.386352147674","338.006403895777","246.396650666166","362.736080383739","341.657802387504","418.479164519235","365.892938608002","399.039839403166","378.528173791103","407.532033408916","481.395425763705","469.119957500851","251.646622547106","","",
"Small states","SST","Fertilizer consumption (% of fertilizer production)","AG.CON.FERT.PT.ZS","","","","","","","","","","","","","","","","","91.1325057005321","99.2771201241995","96.7049246562018","125.464489413235","138.547035286756","174.218268901813","167.534777813356","161.100454956169","68.9669492991867","33.907535132824","22.3846063611616","33.1124412141941","","","","","57.3890801622948","42.9832458690873","","","","26.4006990315982","","27.236079563796","30.7188971220371","26.8755136680364","22.6162241326924","28.8648122195712","27.5802096998018","20.347474409622","20.7724736855492","21.8140490484282","25.1026593114933","31.2613816133147","14.0302624960464","14.2795863172224","17.3621435883009","30.0029129847586","33.3997797852365","30.4822461299241","30.8286323136424","29.8986530618816","33.3965067799732","30.2173058489091","27.8101252660387","28.806917578193","29.4178932599721","","",
"Sao Tome and Principe","STP","Fertilizer consumption (% of fertilizer production)","AG.CON.FERT.PT.ZS","","","","","","","","","","","","","","","","","","","","","","","","","","","","","","","","","","","","","","","","","","","","","","","","","","","","","","","","","","","","","","","","","",
"Suriname","SUR","Fertilizer consumption (% of fertilizer production)","AG.CON.FERT.PT.ZS","","","","","","","","","","","","","","","","","","","","","","","","","","","","","","","","","","","","","","","","","","","","","","","","","","","","","","","","","","","","","","","","","",
"Slovak Republic","SVK","Fertilizer consumption (% of fertilizer production)","AG.CON.FERT.PT.ZS","","","","","","","","","","","","","","","","","","","","","","","","","","","","","","","","","","49.5398457583548","46.879318504496","48.9435593991807","47.9773737373737","35.8238825883923","46.1533154465312","37.4147058823529","39.2054430799867","51.7350088183422","54.8082319925164","50.6833257610177","44.6373037150517","44.8462154585503","57.0993227990971","63.1275833422524","61.8449911791351","59.0152849500772","63.1875256813221","48.7152159313225","62.9738990651043","44.7854052720567","64.7452266457128","40.4900061051682","49.2543677481323","48.4360713084845","47.5748452514532","56.0445918436493","52.3813685198828","52.6354072651265","64.1343295703595","","",
"Slovenia","SVN","Fertilizer consumption (% of fertilizer production)","AG.CON.FERT.PT.ZS","","","","","","","","","","","","","","","","","","","","","","","","","","","","","","","","","","","","","","","","","","","16333.4939759036","21640.625","15435.4523227384","101756.140350877","","","","","","","","","","","","","","","","","","","",
"Sweden","SWE","Fertilizer consumption (% of fertilizer production)","AG.CON.FERT.PT.ZS","","176.141842651669","184.802973436733","179.589982641048","193.179339539259","177.949720541896","161.160335895411","158.171250709918","155.465613262531","164.853713951187","167.396712794125","153.459025781268","147.816236088747","160.501031452228","142.472773485994","167.052144525557","181.589205499652","164.61296996059","176.48897957807","169.124213432751","154.885189014767","167.275503065434","150.660661415739","144.251962368089","134.036817670603","135.728179220216","154.06506072613","141.494692563943","146.938644058244","146.377218324391","115.548812683483","143.182352941176","268.547863247863","265.524193548387","262.60081300813","208.558156028369","252.485365853659","262.709322033898","262.521428571429","268.544444444444","222.426771653543","301.580022701476","307.71001150748","322.882891768274","312.282219498714","306.640422666529","255.691964285714","264.445962746833","","","","","","","","","","","","","","","","","",
"Eswatini","SWZ","Fertilizer consumption (% of fertilizer production)","AG.CON.FERT.PT.ZS","","","","","","","","","","","","","","","","","","","","694.952380952381","967.761904761905","526.121212121212","312.355555555556","346","","","","","","","","","","","","","","","","","","","","","","","","","","","","","","","","","","","","","","","","","",
"Sint Maarten (Dutch part)","SXM","Fertilizer consumption (% of fertilizer production)","AG.CON.FERT.PT.ZS","","","","","","","","","","","","","","","","","","","","","","","","","","","","","","","","","","","","","","","","","","","","","","","","","","","","","","","","","","","","","","","","","",
"Seychelles","SYC","Fertilizer consumption (% of fertilizer production)","AG.CON.FERT.PT.ZS","","","","","","","","","","","","","","","","","","","","","","","","","","","","","","","","","","","","","","","","","","","","","","","","","","","","","","","","","","","","","","","","","",
"Syrian Arab Republic","SYR","Fertilizer consumption (% of fertilizer production)","AG.CON.FERT.PT.ZS","","","","","","","","","7628.75","7215.75","8089","1285.04830917874","298.984523154096","435.195988128134","421.472","274.803846153846","354.753265602322","392.584780810587","420.841346153846","613.4375","1008.65019011407","218.806555717269","115.974775097881","107.611301369863","104.814778031582","110.684557630856","134.4957175319","238.691215616681","252.014414997349","203.099003862574","189.776513308127","719","490.4272","594.200351493849","421.217026378897","445.688396349413","219.161246778746","240.917593198169","157.75587472343","218.102941176471","187.724704673857","136.494133633682","134.018445872632","146.896866507263","161.074095666417","154.516166686121","156.715464064844","162.68214247684","171.570071663022","153.20582896228","68.2379398536026","90.3085553997195","128.010534434262","153.27194471387","73.3540009699321","","","","","","","","","","",
"Turks and Caicos Islands","TCA","Fertilizer consumption (% of fertilizer production)","AG.CON.FERT.PT.ZS","","","","","","","","","","","","","","","","","","","","","","","","","","","","","","","","","","","","","","","","","","","","","","","","","","","","","","","","","","","","","","","","","",
"Chad","TCD","Fertilizer consumption (% of fertilizer production)","AG.CON.FERT.PT.ZS","","","","","","","","","","","","","","","","","","","","","","","","","","","","","","","","","","","","","","","","","","","","","","","","","","","","","","","","","","","","","","","","","",
"East Asia & Pacific (IDA & IBRD countries)","TEA","Fertilizer consumption (% of fertilizer production)","AG.CON.FERT.PT.ZS","","","","","","","","","","200.202440140545","188.95949248537","158.747398020876","154.990696010146","152.723409722284","146.069961639687","138.441553678794","134.500343134844","134.142415248888","129.523406753861","123.421081529926","124.857675519179","124.516603462425","130.357212376674","134.616136974865","136.308022678186","126.479601235106","","130.713090146067","141.187131180428","135.237184072647","138.881164806852","144.219437462698","139.308076107027","125.237649018121","135.256869960454","139.321610295817","133.668800363304","137.920935527932","134.721100463958","","","","134.896326489663","124.497399245817","123.160161582469","122.858137694012","119.056313119058","112.76423708574","108.595871448871","105.144195394482","103.916777050706","104.26130165681","104.812677776523","105.156561313094","99.9113569289063","96.7632478693507","104.068562758765","115.642094366451","117.447640592931","101.936189757147","109.950235766116","107.510980303092","110.212498972435","","",
"Europe & Central Asia (IDA & IBRD countries)","TEC","Fertilizer consumption (% of fertilizer production)","AG.CON.FERT.PT.ZS","","","","","","","","","","","","","","","","","","","","","","","","","","","","","","","","","58.9408273300875","55.3536054216648","41.7093513421601","37.3888616702496","38.4506247510485","38.5923268007447","39.1136583857807","34.4286228212181","34.2847978801144","31.9231697050677","30.2747734099244","29.5446224460738","26.9260630855318","27.4693305098115","31.924041859718","31.3653309605303","32.1910603512935","48.5976631551864","35.0376450655971","34.3604603895673","36.4947113806301","36.7835795310352","32.3462360179234","32.9664403907053","35.618081345045","33.9538686747976","32.3401846967342","32.8375618902084","34.2917826459232","32.6041429240225","34.4622245073746","","",
"Togo","TGO","Fertilizer consumption (% of fertilizer production)","AG.CON.FERT.PT.ZS","","","","","","","","","","","","","","","","","","","","","","","","","","","","","","","","","","","","","","","","","","","","","","","","","","","","","","9.3306996996997","1.35901111111111","2.93904","14.2145882352941","","","","","","","","",
"Thailand","THA","Fertilizer consumption (% of fertilizer production)","AG.CON.FERT.PT.ZS","","","","","","","7389.62472406181","1123.82921649715","1103.33333333333","1313.75","704.301729382115","1245.39799786179","2070.43894859511","2038.20331611851","2992.87414459982","4191.46114471847","3460.30356100409","3057.30337078652","8225.71428571428","","","","","","","","","","","","","","","","","","","1495.9595959596","998.170731707317","1255.71794871795","987.90253164557","973.452023121387","945.805957446809","1405.7664015161","1065.33322164606","1027.17418456927","1306.14341836735","1529.54013868613","1440.25017518248","1396.25117518248","1832.47318248175","2574.1045","2302.65369090909","2625.95974695408","2507.95203755869","2102.59867647059","2181.99929577465","1904.31418367347","1585.50551983584","1492.31498814229","1934.50582982308","2013.51853411963","1568.32737152485","","",
"Tajikistan","TJK","Fertilizer consumption (% of fertilizer production)","AG.CON.FERT.PT.ZS","","","","","","","","","","","","","","","","","","","","","","","","","","","","","","","","","640","380","700","500","1514.63414634146","1278.175","921.8","265","222.5","302.5","","","243.594125","154.188765432099","174.571342037959","107.21091393079","77.2789224952741","","","","","","","","","","","","","","","","",
"Turkmenistan","TKM","Fertilizer consumption (% of fertilizer production)","AG.CON.FERT.PT.ZS","","","","","","","","","","","","","","","","","","","","","","","","","","","","","","","","","167.304015296367","114.44921316166","120.192307692308","122.429906542056","129.090909090909","154.782608695652","122.58064516129","140.307692307692","167.666666666667","186.666666666667","133.214285714286","156.045340050378","179.426433915212","115.129596142254","108.113759933082","105.686274509804","89.9","81.4328358208955","80.8823529411765","80.8823529411765","82.3529411764706","136.183745583039","106.21409921671","100.019342359768","86.8990384615385","79.5","81.7954220314735","69.8391205391819","62.5862538438065","56.8197269031543","67.6729264073398","","",
"Latin America & the Caribbean (IDA & IBRD countries)","TLA","Fertilizer consumption (% of fertilizer production)","AG.CON.FERT.PT.ZS","","127.461974309833","129.530023083535","140.708915145005","139.193869929305","148.091267981518","159.889057896248","158.521542421225","175.593980159919","165.494801147211","178.993421477858","169.418391680805","191.200571237181","186.769494300839","182.971808587538","188.257228050864","191.689700312778","195.853045785682","200.972205140154","203.015323991967","189.033222033751","164.672101440964","155.599195297953","137.798787332725","145.791638831581","141.708510800164","155.026549444868","155.289699274874","150.303329853988","136.679249180638","146.547281806476","138.858597438163","154.188711890323","166.312416099858","167.241552109551","145.058996382886","163.650825169058","181.294046720525","188.241763516895","187.781207912366","208.111946549887","221.368853858969","231.43278715876","260.530632763942","268.356970983342","232.55465369447","246.584907958471","282.952001108197","249.288299044774","206.709801527074","225.862403878135","260.503332475929","251.61380306761","293.078592364342","312.463757811938","269.182413512529","304.5583312712","351.058054992794","367.71573920929","431.675689123366","458.226848270308","477.687180669555","443.300199974416","","",
"Timor-Leste","TLS","Fertilizer consumption (% of fertilizer production)","AG.CON.FERT.PT.ZS","","","","","","","","","","","","","","","","","","","","","","","","","","","","","","","","","","","","","","","","","","","","","","","","","","","","","","","","","","","","","","","","","",
"Middle East, North Africa, Afghanistan & Pakistan (IDA & IBRD)","TMN","Fertilizer consumption (% of fertilizer production)","AG.CON.FERT.PT.ZS","","159.184441961032","143.602704151611","153.258355463635","144.321854308063","122.935712576606","105.359130868747","118.334126684503","134.010901999201","138.554205269462","143.579259549295","136.091915431483","119.875966855321","129.928666787794","120.337792399497","147.477028992004","157.304729666949","137.195091730865","136.758795064199","136.620860549819","126.836877550025","131.954030952392","120.194286336981","97.444404779404","90.8379309534358","86.2831791562089","89.5018794901224","86.0413152522165","74.0672290585177","72.9680721403164","73.8407622856698","76.0846054298511","78.1567899450803","71.4950724963286","69.6197299050698","72.1930033283918","69.3341449096391","79.2624487325758","71.8730567336149","72.3449117885629","71.8857495396856","67.5612559719817","69.0119688488086","68.9217478756006","72.2103058912921","76.7091546705006","78.325939822776","69.4639771664902","65.8551981036279","70.9448975945887","56.9334375222629","54.9011692119499","52.7095114861842","58.386417077679","56.2967639286789","55.4694750190101","50.7726758238654","46.5615019048889","46.2776975012488","43.5746030794008","42.9289473812519","43.0764516081147","40.4409235630456","","",
"Tonga","TON","Fertilizer consumption (% of fertilizer production)","AG.CON.FERT.PT.ZS","","","","","","","","","","","","","","","","","","","","","","","","","","","","","","","","","","","","","","","","","","","","","","","","","","","","","","","","","","","","","","","","","",
"South Asia (IDA & IBRD)","TSA","Fertilizer consumption (% of fertilizer production)","AG.CON.FERT.PT.ZS","","158.616414688724","152.286522388534","159.104997490923","199.916925257165","210.355256624385","236.345920099649","247.858712953839","229.000898258995","211.651719313157","210.366866561065","219.789633321726","199.72553028713","200.818629080513","172.756173399851","187.226369113478","146.704810995186","165.306996277969","175.39411021821","181.589802840835","189.512011881709","151.623625659493","135.028139142215","146.55500826363","154.145890238605","151.28175996645","138.113564621972","118.158158487975","120.291281679115","133.459152579946","134.051512128748","130.107749662049","124.138022187828","132.642067065493","129.422594618397","123.258754685656","129.209108297304","124.348722825552","123.539771567604","127.548438276966","115.253683526415","120.444819538402","116.669385801341","122.305250186984","124.29883811404","136.447955758621","155.698108724303","173.168790540654","192.668058869521","185.731560736707","177.653946170926","180.288182234819","168.785279790465","158.47042071719","165.666471881583","160.137214388484","154.063968221961","156.605721167809","164.507516481606","168.162740061039","188.463034333368","175.151020341415","156.710938845758","","",
"Sub-Saharan Africa (IDA & IBRD countries)","TSS","Fertilizer consumption (% of fertilizer production)","AG.CON.FERT.PT.ZS","","158.829084602409","146.989615813178","146.703323399845","170.154236626318","167.498387674669","157.522165270805","123.831911961493","131.894076060983","104.731388307976","116.287374296074","122.311385957495","122.815642371575","125.2435462004","126.983025926519","135.140041254961","136.135650203083","133.729676815545","124.576217692696","134.535953910714","148.968015515832","165.731507652006","177.972189455891","156.522420035832","132.174499089565","137.988851819458","142.695368646384","127.464830725106","111.939109179473","118.451809409876","114.725884076167","119.678962719447","111.331121637955","127.827983129373","126.723523835699","107.143395564905","108.835576260956","110.252004222342","113.477244221466","118.895459553257","139.90613341033","144.480736396704","202.376312482547","190.941681415104","221.004576028567","240.886487583066","274.096021076129","223.241034149699","263.328518696838","285.1913146129","342.386352147674","338.006403895777","246.396650666166","362.736080383739","341.657802387504","418.479164519235","365.892938608002","399.039839403166","378.528173791103","407.532033408916","481.395425763705","469.119957500851","251.646622547106","","",
"Trinidad and Tobago","TTO","Fertilizer consumption (% of fertilizer production)","AG.CON.FERT.PT.ZS","","20.3421174294961","20.9615384615385","19.8333333333333","20","23.8380849208656","17.5100453383184","9.40555555555556","10.727027027027","10.9333333333333","8.8","9.7737843551797","9.15573053368329","15.1797919762259","9.65312843029638","15.7661607644744","16.0469836334586","14.1823679925564","17.3288007863696","17.6767561912992","19.4399083575032","28.1460914139257","15.3650878482197","34.4842831248066","9.11522541504162","4.52066315802888","2.26123969140729","3.12204351939451","0.862666129681836","1.47717099373321","3.06298533218292","3.36658354114713","4.57578646329838","2.22772277227723","2.36220472440945","2.66058532877233","3.82191278856724","3.81981981981982","2.82509347735771","2.21014492753623","3.34326189611333","0.734518130777998","1.41833418712753","1.47794754468574","2.24609698534478","1.74351945442254","1.84971718764735","1.80773361923713","1.74323215750615","1.78278315371793","0.775575542364059","0.780050315397206","0.989144866200524","1.19084390127391","1.47959816612685","1.27963078539769","1.34837951009609","1.32946756395253","1.21571514428001","0.517799084123173","0.404538571041946","0.402302139341561","0.580070843986117","","",
"Tunisia","TUN","Fertilizer consumption (% of fertilizer production)","AG.CON.FERT.PT.ZS","","23.1818181818182","29.7034821977531","23.2218935249169","20.6853261988063","15.480303588117","16.7293737318155","12.5692443141737","15.6761909950154","20.9891665305678","18.0332637034295","18.9408288506705","18.4094256259205","20.1824028301067","24.9084448761342","35.3561809357301","30.4271569380082","17.4207712867507","21.5226494693419","19.563090968373","13.664323374341","15.4635944700461","15.605543783817","12.7507622914432","14.3868209534821","14.0217162057003","12.2091910976098","11.6375061469619","10.72711407804","10.7587792468647","9.69334821418256","11.6599858523933","11.5862213496283","11.3476864517664","9.99775331386205","8.05730101344104","9.58630640602455","11.1751765659372","11.2960611171743","10.0089206066012","9.77602108036891","8.6333419666753","7.97695835246467","8.19184236173084","9.31424719215918","10.6089453413202","10.7634412614205","11.6912100179855","9.47354713214867","11.6211766794459","10.1276666887625","26.2851818263105","19.754887797071","13.5388371465768","17.1037495680545","30.6087138097368","26.9071236703051","21.0256664164375","34.4619533241307","34.3912956024417","100.577963621517","110.319806252816","110.740734927371","","",
"Turkiye","TUR","Fertilizer consumption (% of fertilizer production)","AG.CON.FERT.PT.ZS","","239.710878902494","121.564800997065","173.948454758451","163.872778297474","212.570776581331","279.045034472642","414.707587991257","469.109424180707","465.893942876246","302.641748050306","269.656488549618","234.505738615328","311.465517241379","140.767180094787","174.26800865894","207.901539785432","297.402121864273","245.14109907084","218.324653084135","117.824738697387","109.296322546011","117.622776787132","118.449653797547","115.028608752449","103.865191439802","116.907726643066","120.810818157108","107.917090131051","136.970755993224","120.696148826526","143.132934642831","128.850934687206","139.33432662441","144.074435516014","127.762074142198","133.44161141518","128.263313193761","154.276618323311","194.538795986029","259.050467920241","236.606178027229","181.39640668813","152.160884048222","169.742324074251","166.44875771772","207.986305811259","199.206521989945","160.702136387367","205.394594365842","161.861970690931","142.490940533803","165.223778842553","177.689979695946","166.48508062176","159.225333379596","221.413180302423","188.941794821046","149.39229250035","141.652389909113","125.05846736772","115.988319850174","133.832873763079","","",
"Tuvalu","TUV","Fertilizer consumption (% of fertilizer production)","AG.CON.FERT.PT.ZS","","","","","","","","","","","","","","","","","","","","","","","","","","","","","","","","","","","","","","","","","","","","","","","","","","","","","","","","","","","","","","","","","",
"Tanzania","TZA","Fertilizer consumption (% of fertilizer production)","AG.CON.FERT.PT.ZS","","","","","","","","","","","","","133.566666666667","166.585895721925","168.957847339012","162.051450106505","275.697747464776","188.337343294922","220.300751879699","245.901639344262","229.032258064516","150.777202072539","1100.56518462698","231.979335494327","217.365269461078","339.957300049269","340.485732606605","998.351419031719","2878.47658979734","615.277777777778","954.128440366972","868.817768450507","","","","","","","","","","","","","","","","","","","","","","","","","","","","","","","","","",
"Uganda","UGA","Fertilizer consumption (% of fertilizer production)","AG.CON.FERT.PT.ZS","","","329.268292682927","232.558139534884","102.857142857143","87.28","114.558887440243","71.9238095238095","90.0190476190476","99.3478260869565","118.64406779661","160.04742145821","153.92","175.292682926829","90","198.705882352941","41.4","110","","","","","","","","","","","","","","","","","","","","","","","","","","","","","","","","","","","","","","","","","","","","","","","",
"Ukraine","UKR","Fertilizer consumption (% of fertilizer production)","AG.CON.FERT.PT.ZS","","","","","","","","","","","","","","","","","","","","","","","","","","","","","","","","","82.673054480683","51.1932402085791","49.0060501296456","40.8425496764719","21.436446041403","23.8793286594434","26.3341530894559","19.5480967560473","19.7663971248877","22.2943417525046","22.8733028683233","20.9155045547495","22.4000934159796","20.8000447368912","26.7106924124339","29.4011151197114","36.1805083593856","42.1812715839145","48.9785363330747","44.1290922047255","47.0117727564729","65.6293401652651","85.9021258388743","95.905702655112","110.968011930899","188.314558332498","209.61966292436","208.823539445296","253.050691645338","262.754436707114","","","",
"Upper middle income","UMC","Fertilizer consumption (% of fertilizer production)","AG.CON.FERT.PT.ZS","","201.230450654218","182.526460861806","187.676403417021","169.207002313128","161.492182176602","168.505516919442","176.023935421949","228.886862154419","196.088607929982","190.060019225587","166.292279567496","165.274639813183","162.422222896019","153.513052007469","150.017985321484","151.514949207588","151.325827875541","146.078489278776","138.952216501274","136.713214047976","134.765622577785","138.572942771464","135.942555029232","136.070136583741","128.632344909443","129.429283005968","135.272276070941","139.255599882034","133.307811477383","138.032634481902","142.410717298798","122.990615637452","117.124880531765","122.819760907811","122.497070178094","119.948552021659","124.070979140929","123.468119840698","121.734603516899","121.395960680852","121.44661341284","127.414622871732","120.263001709785","122.326998166005","118.39163847568","119.581829660224","116.609289582709","111.660591245492","109.18057541918","107.179411847905","110.184487251098","110.573931122068","115.135097097396","110.018650882759","102.305111286387","112.065548859495","123.093470652623","126.105803420208","114.289966456505","125.704109237346","125.583762168857","128.878537404377","","",
"Uruguay","URY","Fertilizer consumption (% of fertilizer production)","AG.CON.FERT.PT.ZS","","567.5","655","695.555555555556","815.7","491.885714285714","149.264540216936","137.25791371711","155.964562873429","296.167178369813","256.699273751297","203.225806451613","215.603305785124","147.891237281315","108.814102564103","137.295794230101","425.287356321839","264.435146443515","284.439213378451","222.459270752521","268.770764119601","314.851485148515","355.882352941176","670","530","430","260.450051142175","208.965517241379","445.154838709677","821.430232558139","599.033333333333","463.664705882353","477.647058823529","535.294117647059","630","1320","1650.5376344086","1389.24731182796","1397.84946236559","1110.38947368421","694.146666666667","968.05","702.316666666667","856.563059033989","1128.74468617154","747.370029412888","927.156192773237","1611.25978090767","2206.71296296296","2290.74444444444","1496.85858585859","2813.59090909091","1539.215","2530.93143478261","2740.48615853659","1813.52232258065","1671.71573529412","2258.38203947368","2178.03940540541","1885.23513513514","","","","","",
"United States","USA","Fertilizer consumption (% of fertilizer production)","AG.CON.FERT.PT.ZS","","92.0163994330786","93.6281842045712","92.3455844914401","92.1036074485094","90.5368409452778","93.2007828251877","94.6423494130203","97.6147417725072","97.5626630552546","96.3880432579644","98.0701303226618","96.4481646769452","96.4528579958317","96.6335871355962","97.886023763789","102.153905990428","101.212906490765","94.6439884788221","92.3978025590901","91.1041270479531","104.916435636364","97.3572473447145","94.5563640672783","88.4347125582229","101.709670623798","81.8563436139842","77.4742959655066","75.8420809564475","79.1859395848617","76.8450926284561","73.0166802824594","73.8439282397471","78.0950270800628","75.9099199969111","77.3015095947161","74.9435460311573","83.4668979833265","84.8611554054349","95.3829620714631","106.15279564166","102.811241348103","108.69341486428","130.333090182729","120.358072561072","118.474621289472","128.148696761254","117.530450671532","108.366007404721","135.3823402813","128.711123778198","131.050216227053","133.628071149749","127.151943147327","121.210471934582","123.115598940024","117.267979815222","110.404233304274","109.304070775873","104.671624290506","106.612568733088","110.002617048815","100.791158414438","","",
"Uzbekistan","UZB","Fertilizer consumption (% of fertilizer production)","AG.CON.FERT.PT.ZS","","","","","","","","","","","","","","","","","","","","","","","","","","","","","","","","","98.5269205273624","103.727280341737","105.486284289277","100.614602098124","103.010984699882","93.9553360532532","94.4113605130554","88.9858734351671","91.6061137559509","103.254013761468","93.5710567412806","86.6141732283465","73.2536333802157","77.6745294257803","76.0153093769934","70.8022654037692","70.1826291079812","77.6502981736862","80.7295957768515","76.0528075703566","70.1689734296579","84.0351562952153","82.5856084072948","81.4049766790515","83.5359262066439","89.6662127428529","74.8353750096091","90.3147086063381","91.3978651164878","78.9237313214462","68.6399642214391","","",
"St. Vincent and the Grenadines","VCT","Fertilizer consumption (% of fertilizer production)","AG.CON.FERT.PT.ZS","","","","","","","","","","","","","","","","","","","","","","","","","","","","","","","","","","","","","","","","","","","","","","","","","","","","","","","","","","","","","","","","","",
"Venezuela, RB","VEN","Fertilizer consumption (% of fertilizer production)","AG.CON.FERT.PT.ZS","","950","800","152.941176470588","173.684210526316","140","147.313043478261","160.011111111111","181.3692213699","214.915006397368","336.444897035528","570.010209290454","287.841005605572","344.423440453686","186.762997386001","187.297016238701","175.569247546347","188.829032258065","259.836282017428","211.830408241129","143.441403926234","81.3277498604132","64.2394822006472","62.1676067687349","86.8028534370947","122.178790193347","132.372737048484","147.405903513049","143.26418744626","122.683333333333","110.096397767631","89.2439243924392","88.7052341597796","69.8019801980198","52.2736931576711","56.3327032136106","56.1694290976059","58.7641357027464","46.7425679949399","45.7676071984004","82.2397200349956","57.1755288736421","52.3023457862728","53.311083787107","43.5729847494553","48.4137931034483","55.4558799543305","47.7797944680198","55.9293571364169","66.0062981416047","67.8702122468895","72.8612540543439","80.3243623545261","104.733406113709","83.5026036736022","96.1707404390681","67.9231446171898","62.8897460623594","102.624091052798","38.7490167562441","67.2757813998082","67.918341889117","67.918341889117","","",
"British Virgin Islands","VGB","Fertilizer consumption (% of fertilizer production)","AG.CON.FERT.PT.ZS","","","","","","","","","","","","","","","","","","","","","","","","","","","","","","","","","","","","","","","","","","","","","","","","","","","","","","","","","","","","","","","","","",
"Virgin Islands (U.S.)","VIR","Fertilizer consumption (% of fertilizer production)","AG.CON.FERT.PT.ZS","","","","","","","","","","","","","","","","","","","","","","","","","","","","","","","","","","","","","","","","","","","","","","","","","","","","","","","","","","","","","","","","","",
"Viet Nam","VNM","Fertilizer consumption (% of fertilizer production)","AG.CON.FERT.PT.ZS","","118.666666666667","118.75","109.375","113.58024691358","120","139.393939393939","646.922222222222","1621.34285714286","835.024242424242","478.875384615385","299.6875","614.628571428571","605.853658536585","298.736842105263","330","380.084151472651","297.58865248227","235.379310344828","362.666666666667","396.849266022198","673.520019651191","693.706434993434","783.750942763764","1369.8479976615","703.448275862069","834.102629400904","649.608725121696","776.473045822102","841.532137518685","663.837677725119","555.326704545455","492.54498714653","431.407322654462","549.837587006961","504.410552349547","543.175997072814","472.304236200257","527.97839067387","331.069991954948","998.678414096916","730.459770114942","441.188638175597","443.617140304147","363.736573247892","258.466992141214","266.170155051639","269.336265735745","208.076670812243","311.499220491955","258.303019422603","243.87601419994","194.374251020027","216.890356589017","183.604927108867","218.84628547881","208.620988527327","208.001286294944","193.904357585489","171.546765960554","179.751717825431","178.776763875975","115.871870791751","","",
"Vanuatu","VUT","Fertilizer consumption (% of fertilizer production)","AG.CON.FERT.PT.ZS","","","","","","","","","","","","","","","","","","","","","","","","","","","","","","","","","","","","","","","","","","","","","","","","","","","","","","","","","","","","","","","","","",
"World","WLD","Fertilizer consumption (% of fertilizer production)","AG.CON.FERT.PT.ZS","","90.8717983999018","94.3256472090233","93.1076684558127","91.1786793678276","89.377405759452","91.5232224790226","92.2819826939295","93.9377054383465","93.9160154054545","95.9035656351361","95.6905386969333","95.9137685326008","97.4056944193471","90.1371581504761","99.3310191071281","98.2979142489208","97.9305028749465","97.5019873775946","95.9333406986185","95.4472455173822","100.311751728604","99.8167983137306","97.0356176177479","95.9103660049798","97.7289139873988","94.9141414168004","93.1830492710969","94.0985117227272","96.1004425520907","97.1087488718411","97.3629349266993","89.4429514583005","88.9908599792228","88.6375088034956","88.717072623611","89.4270162972516","92.4034326332442","92.400973025974","93.5624358721705","92.7790864791101","92.7331293710224","94.3885970160834","94.9232726045154","93.2596168098492","92.7919776063996","94.7789608459122","92.9182140667036","92.1331992484142","99.1854405795846","91.722935229407","94.0244384373974","93.4571124422812","93.9056930267399","92.2606422745935","88.7606763690903","90.4430910438691","92.6753613796919","92.609321734638","89.1623767762612","94.207065827213","92.1584902388391","91.1008808304296","","",
"Samoa","WSM","Fertilizer consumption (% of fertilizer production)","AG.CON.FERT.PT.ZS","","","","","","","","","","","","","","","","","","","","","","","","","","","","","","","","","","","","","","","","","","","","","","","","","","","","","","","","","","","","","","","","","",
"Kosovo","XKX","Fertilizer consumption (% of fertilizer production)","AG.CON.FERT.PT.ZS","","","","","","","","","","","","","","","","","","","","","","","","","","","","","","","","","","","","","","","","","","","","","","","","","","","","","","","","","","","","","","","","","",
"Yemen, Rep.","YEM","Fertilizer consumption (% of fertilizer production)","AG.CON.FERT.PT.ZS","","","","","","","","","","","","","","","","","","","","","","","","","","","","","","","","","","","","","","","","","","","","","","","","","","","","","","","","","","","","","","","","","",
"South Africa","ZAF","Fertilizer consumption (% of fertilizer production)","AG.CON.FERT.PT.ZS","","137.09844096859","129.266704444908","128.260869565217","145.105485232068","143.629191321499","134.984227129338","101.548054181896","119.61293367949","97.025171624714","104.536082474227","110.629145008066","115.799101945784","114.941390127126","108.979306147292","111.599075678798","111.937216026435","106.272215422277","104.575930577757","110.038312428734","115.188095238095","128.828213166144","138.098720292505","110.874494949495","97.8915650406504","101.342926490985","108.169220779221","103.211739130435","97.9644549763033","101.142451612903","96.9243209876543","98.5092506322375","97.7066666666667","109.359828838174","108.496826312752","96.6969238527484","94.6098623043427","90.2300213421864","97.6303317535545","97.3308270676692","128.346047156727","147.914645974782","148.697818762192","126.354615902965","163.237988599349","150.697438376027","183.128701328981","152.463612928812","173.836670687575","180.188920091907","171.022583100736","186.536485097636","158.041060735672","235.739231664726","184.784622510421","238.459099556119","203.555555555556","237.990196078431","281.166764629389","332.274271493213","338.433150807899","375.722884500299","328.42540095751","","",
"Zambia","ZMB","Fertilizer consumption (% of fertilizer production)","AG.CON.FERT.PT.ZS","","","","","","","","","","","591.100587851078","612.620689655172","605.260869565217","1010.48837209302","815.78947368421","1446.40434192673","1164.17910447761","746.268656716418","629.353233830846","689.134328358209","1234.87824037706","1816.63113006397","891.098018211034","904.502962475313","1119.5223880597","3276.81929681112","383.298476247386","411.87532422618","407.412620220502","734.259259259259","561.320754716981","1323.96186440678","616.788321167883","790.740740740741","983.333333333333","1375","1253.65853658537","1417.5","1595.65217391304","1998.35487661575","3487.88888888889","","","","","","","","","","","","","","","","","","","","","","","","",
"Zimbabwe","ZWE","Fertilizer consumption (% of fertilizer production)","AG.CON.FERT.PT.ZS","","376.272727272727","355.545454545455","320.666666666667","460","375","376","330.196078431373","338.775510204082","183.984375","155.182481751825","137.667698658411","133.229166666667","137.735849056604","141.095890410959","133.825454545455","118.383495145631","128.26","133.451536643026","117.948583420777","152.427065026362","157.846741900255","151.791133004926","144.662921348315","128.131021194605","146.377871461757","130.470657573461","125.652861094149","140.451497501961","141.425974734163","133.507165605096","130.414285714286","100.977777777778","132.515378221114","125.514705882353","120.13256006628","137.704918032787","144.151565074135","159.671532846715","149.193548387097","163.01775147929","177.803738317757","139.817596566524","162.438264738598","84.6588235294118","96.1742081447964","209.575039494471","170.033018867925","251.27688172043","455.559845559846","441.203883495146","398.225","359.605911330049","368.705035971223","349.491525423729","251.11821086262","944.202898550725","671.559633027523","623.474178403756","623.474178403756","212.474437627812","212.474437627812","212.474437627812","","",
